barbarian_0_x,barbarian_0_y,barbarian_1_x,barbarian_1_y,barbarian_2_x,barbarian_2_y,barbarian_3_x,barbarian_3_y,barbarian_4_x,barbarian_4_y,barbarian_5_x,barbarian_5_y,barbarian_6_x,barbarian_6_y,barbarian_7_x,barbarian_7_y,barbarian_8_x,barbarian_8_y,barbarian_9_x,barbarian_9_y,barbarian_10_x,barbarian_10_y,barbarian_11_x,barbarian_11_y,barbarian_12_x,barbarian_12_y,archer_0_x,archer_0_y,archer_1_x,archer_1_y,archer_2_x,archer_2_y,archer_3_x,archer_3_y,archer_4_x,archer_4_y,archer_5_x,archer_5_y,archer_6_x,archer_6_y,archer_7_x,archer_7_y,archer_8_x,archer_8_y,archer_9_x,archer_9_y,archer_10_x,archer_10_y,archer_11_x,archer_11_y,archer_12_x,archer_12_y,giant_0_x,giant_0_y,giant_1_x,giant_1_y,giant_2_x,giant_2_y,giant_3_x,giant_3_y,giant_4_x,giant_4_y
-15,47,48,10,35,8,6,35,-18,45,33,36,44,19,27,48,41,17,11,-7,29,48,28,-13,-7,20,-19,15,29,-8,11,-9,48,24,26,-2,47,6,32,-14,48,35,2,-12,-4,-17,43,24,-6,-5,14,43,-19,34,-19,21,48,8,-12,32,35,29
-8,-12,31,43,38,37,1,49,-7,3,26,44,-14,31,-18,-9,38,-10,37,22,47,1,36,25,40,16,38,41,10,33,-5,38,37,5,42,18,49,-17,47,42,-6,5,-7,-2,43,33,42,45,-4,21,-19,6,-13,44,48,-14,14,43,-5,49,43,30
-12,7,3,45,10,48,-14,34,6,-13,35,-7,7,36,-17,0,-7,40,-1,36,-8,2,7,35,32,47,-9,14,40,40,-18,39,-14,32,26,-18,48,3,31,49,-14,15,38,33,30,-2,44,7,48,4,-8,-18,44,41,41,-15,23,41,-18,47,23,-5
-15,16,12,-8,-15,25,40,-18,23,32,26,-5,17,-18,40,-1,-6,40,-17,48,-19,-19,7,43,13,47,48,41,-14,46,42,32,30,39,43,10,6,-15,-15,-8,38,35,32,38,21,37,-10,-13,-6,38,48,28,46,36,35,-7,-4,-12,42,3,37,19
-6,16,45,-18,34,-4,-3,-9,11,-3,48,28,-4,26,22,46,15,-16,-11,39,-19,32,46,7,39,38,-4,46,41,47,-10,-6,-3,34,-15,30,-7,-2,30,34,13,44,47,16,31,-5,35,15,39,-16,3,-9,44,21,-4,-7,-8,-8,17,-14,-16,-18
-2,-5,-7,4,49,6,43,32,32,6,-14,-19,29,46,-12,0,44,9,40,-10,48,-3,28,45,-18,4,9,37,46,2,22,-4,-2,34,24,47,49,35,-9,19,48,35,42,-5,-11,16,-11,29,39,8,15,-19,11,32,16,-15,6,37,40,-1,-11,27
-17,19,44,-17,39,43,-2,35,37,32,44,37,-6,-12,-11,45,-12,33,-11,30,21,-17,41,24,-19,-8,-17,2,18,-7,-3,35,19,-11,2,-1,31,40,48,-1,11,40,-14,12,-9,13,-5,34,-16,33,45,-6,-5,-11,-17,-4,25,-17,32,-10,-7,29
42,24,-6,-15,0,-13,-3,39,41,48,43,19,-4,26,44,46,-1,-17,16,49,-14,41,-18,-4,39,-16,42,25,14,-8,13,41,21,-11,17,-4,-7,-16,21,49,22,41,41,30,26,32,26,32,34,20,48,-7,-19,22,24,46,-10,-8,31,-3,23,45
35,37,37,44,48,25,-2,-1,2,-12,45,47,-11,-9,40,18,47,36,34,-18,39,-9,-17,32,40,44,45,44,19,-15,4,43,41,14,36,20,-11,-13,38,5,-16,-7,-13,-6,44,41,-7,8,39,46,46,18,49,24,31,-7,5,-5,37,34,1,-1
-19,35,-18,35,-19,-3,-10,35,10,41,39,35,37,27,45,39,43,22,26,35,14,-2,43,-1,31,-18,-2,43,-4,-6,43,42,-11,7,42,21,16,-5,19,46,-6,27,2,35,-13,41,35,23,-11,-13,-3,12,24,-3,-5,31,35,8,24,45,8,34
40,21,-9,3,22,39,-10,-9,19,-9,16,40,-2,7,41,41,33,-4,35,23,-18,27,28,38,48,36,6,-10,46,14,-4,25,30,-9,41,48,-7,14,41,-18,40,48,12,36,-16,0,39,48,37,5,19,-14,-17,-17,23,34,31,27,26,-17,38,-11
-12,-6,36,8,26,-19,-10,-18,37,10,9,-1,23,48,46,33,28,-7,22,-3,15,-17,37,19,1,-14,0,-7,38,-19,36,9,3,-17,48,28,15,43,-12,39,37,33,42,42,-17,13,20,41,-2,40,14,-15,30,-10,9,-19,-1,-5,28,-6,45,-12
-8,38,7,31,15,-10,-12,35,35,20,35,25,-10,49,-3,35,33,25,-13,28,-17,-17,-4,45,-14,16,38,38,13,-5,10,-18,35,9,-3,-14,3,-16,42,10,15,41,49,36,21,47,33,-3,39,-15,-16,36,34,40,35,37,4,-6,12,45,-5,17
-7,19,13,35,47,26,28,-3,37,15,40,7,-4,30,-13,2,28,-11,-9,41,-3,40,15,34,-14,11,19,33,10,-9,39,42,24,-4,-15,15,-5,11,-12,-15,25,48,25,33,44,8,12,37,31,10,-18,4,5,-17,30,-5,37,45,-11,3,41,11
-2,5,-5,2,-12,31,46,33,35,-16,-16,27,6,-3,26,39,7,32,-16,30,45,-18,17,44,-13,41,18,45,6,-11,47,44,16,-5,41,49,6,42,-14,-4,-8,6,-2,0,-15,-4,46,42,2,45,11,-7,-8,-4,-16,49,43,18,8,35,25,-8
40,40,-19,24,22,42,-2,-9,-8,-3,-19,5,32,-7,-19,-9,34,0,46,33,-9,9,34,35,-7,31,20,-1,-3,35,-17,28,-8,6,5,-8,-19,-13,26,38,29,39,6,38,25,47,41,9,-8,4,2,46,0,-8,-4,-17,-10,-16,12,-3,-13,30
24,31,-1,13,-18,-9,48,47,1,34,-10,48,17,-7,35,27,-16,-6,42,47,6,-15,-15,-2,17,-16,-4,17,10,-11,-5,47,-10,32,9,48,-17,-5,46,-16,36,31,-5,13,14,40,-18,18,11,35,-17,2,43,11,17,42,5,-15,44,37,49,4
-19,13,41,21,36,29,-12,9,39,32,32,-11,-8,2,-16,41,49,35,-3,9,-13,23,45,24,-2,29,13,39,-1,25,-19,-8,39,44,-9,-9,-10,6,35,43,30,-9,27,44,33,22,34,0,18,-6,36,8,44,-14,27,-19,-12,4,9,-8,23,-11
2,-16,49,35,45,27,38,-3,13,43,15,-5,30,42,39,18,48,2,-11,40,40,36,46,-12,28,-8,-1,-9,45,-8,36,23,-4,-18,34,45,17,-16,-5,45,6,45,24,36,-1,14,-9,7,-8,0,35,15,-1,16,42,-18,37,33,10,49,-12,18
-8,7,40,20,28,-1,-7,6,18,45,-2,36,39,21,25,32,10,-15,14,-1,46,26,-16,17,-6,43,-14,29,-17,14,49,25,49,-13,-5,3,43,43,-8,48,18,45,44,-14,25,45,-18,-10,29,47,42,-12,35,21,47,39,-2,15,-15,20,34,11
-5,-19,46,13,-4,40,-17,-17,-4,47,-6,-14,37,-1,18,-7,-14,-11,21,-8,-1,14,26,43,39,-5,-4,18,17,48,-17,37,48,26,21,-16,-14,7,34,27,48,36,10,-14,35,37,3,41,-4,-14,-6,9,-6,-13,23,-5,-7,36,5,34,19,48
17,36,39,43,-11,-3,-15,10,4,33,-9,-14,32,47,34,13,45,15,-17,38,1,-10,19,-3,-11,14,49,40,43,-10,43,12,39,-2,45,6,6,-15,12,-16,40,0,-19,33,14,32,43,40,49,22,38,29,48,49,43,30,-16,45,44,24,-8,-4
38,44,48,-16,29,-4,-17,30,31,19,-3,40,-9,27,2,-10,-8,-1,33,37,3,-7,31,11,-9,20,38,3,23,-9,-12,-16,47,7,44,30,18,-3,-6,-7,47,47,16,-19,34,24,48,-12,11,47,-5,-5,-2,-19,30,-10,6,-1,39,39,37,37
-1,44,35,29,34,-3,19,47,46,6,17,45,-14,28,33,14,-3,4,-11,-9,43,43,46,1,31,15,15,47,-1,26,-13,43,-11,19,-4,-17,43,33,45,32,33,46,39,-14,23,48,12,36,2,42,-7,-8,38,39,3,44,-15,3,-3,18,-19,24
-1,27,27,-11,25,-7,31,-15,15,43,-19,19,-8,-10,2,37,18,42,47,-2,-19,35,-12,-5,4,39,-6,19,45,-15,30,-3,-12,23,36,5,37,41,23,-15,-17,-16,-12,-18,0,-11,16,-3,-2,17,1,-10,41,13,-14,20,48,47,1,39,-2,21
15,-10,-6,48,13,-15,-19,19,11,31,30,34,42,21,36,29,8,39,-17,7,-4,25,12,45,30,-10,21,43,-19,-8,-14,3,43,29,26,43,47,-12,-9,7,49,22,-7,-5,-9,11,-2,43,14,40,7,44,45,45,-7,-8,45,28,-7,0,3,48
-2,0,39,-14,-4,-11,-11,6,10,35,-12,48,-14,-15,32,9,-1,-12,43,-19,30,39,21,45,41,-15,21,-11,-4,-11,38,2,-4,12,-14,1,35,-17,40,35,39,26,39,-8,-19,23,-5,35,31,-5,-1,21,-13,33,16,42,36,29,-11,-10,29,-7
14,-8,-9,-10,17,44,0,-10,38,22,-8,30,-16,45,39,17,40,47,-19,-17,9,-18,-15,11,28,-14,12,34,-19,-10,-15,41,43,37,-2,-2,36,-15,-5,38,-14,24,17,-2,36,6,45,22,45,9,-4,10,36,1,9,-5,34,32,31,49,21,-15
11,-5,32,-1,6,43,-5,-8,-4,5,43,-1,11,45,45,19,31,41,-19,43,38,-14,27,38,-1,23,-19,12,-9,22,21,37,46,48,-19,-3,-10,-15,11,49,-3,-12,27,48,-2,31,-5,-4,-10,1,47,-5,-12,-17,9,-7,1,37,45,21,6,-2
37,16,36,27,18,-18,30,-13,21,48,4,48,-8,-19,0,-14,49,14,13,-18,7,-15,-11,22,-19,34,28,31,-5,1,39,28,-16,-6,35,15,34,-15,-12,6,-5,-6,34,13,16,43,-1,37,44,-16,-18,33,16,37,11,36,2,32,32,22,-13,-9
35,-2,-9,-3,37,4,21,42,30,32,-10,41,33,-10,-7,31,-6,-17,49,4,21,49,47,5,29,-2,37,-10,-16,48,6,31,-10,-13,33,11,41,47,39,3,5,-17,30,47,-11,25,10,-8,7,-3,-10,-19,32,11,45,7,39,48,-10,-5,30,32
-16,22,19,36,20,45,-10,-18,35,48,43,45,48,-7,0,44,8,-8,-12,35,-18,40,42,-8,-18,25,-7,32,8,46,-12,28,8,-10,7,39,-16,18,-19,-13,43,-4,45,5,-11,6,47,38,42,-17,-5,3,4,-15,28,34,-16,-7,28,43,-8,16
45,11,21,39,19,-19,46,-14,8,-7,8,-1,-12,34,12,36,48,45,-8,46,36,-16,-5,1,-17,22,39,-14,45,19,-8,20,27,37,33,35,28,42,31,-19,49,24,-17,49,36,15,28,-9,-19,-10,47,19,36,27,-5,-1,-12,38,31,1,43,1
23,33,-1,45,42,33,36,49,43,-7,-1,15,46,-6,22,-5,21,-18,35,11,19,49,17,-10,34,-10,42,30,9,35,24,31,7,36,43,29,-6,-9,49,15,-5,32,30,32,0,47,36,9,4,38,5,46,47,43,-6,-5,-17,36,-11,6,29,44
6,38,10,-7,-5,19,-1,6,36,-15,36,-10,-5,4,-17,26,49,32,12,47,-10,18,17,-3,-16,-13,26,48,6,41,36,-3,-17,8,-2,-15,24,-10,-14,15,32,10,7,44,43,13,46,20,37,31,35,33,5,41,48,7,22,40,-1,36,0,-19
45,9,40,36,-8,-10,29,49,41,16,9,-4,40,10,41,28,3,-3,47,48,12,35,35,4,-18,-8,42,49,6,38,-3,28,41,26,37,-2,45,40,20,-14,40,-19,38,22,6,-2,-3,-10,1,-18,41,-3,28,-16,-6,-13,-10,-2,42,14,39,-2
36,-18,-13,-3,19,31,29,44,-17,11,49,35,18,-8,-5,10,-13,-1,-6,21,-15,-9,17,41,1,-5,-17,-9,-4,29,20,-18,-7,-19,31,13,48,31,10,48,34,9,44,38,30,32,-13,6,44,18,42,-12,-4,34,16,-6,37,35,25,35,-17,3
45,3,43,28,32,28,-2,6,46,-19,-8,-15,42,-13,23,34,43,-5,-13,41,41,26,4,31,24,-4,28,-8,-6,-12,47,-3,23,-13,6,-3,46,-16,17,-8,40,43,32,42,19,35,45,16,16,49,16,31,-18,27,39,-19,36,31,32,47,-10,29
-19,-15,42,25,28,-3,34,-3,-10,20,23,36,34,-2,-9,8,42,-10,-9,11,5,32,-10,-10,7,-1,2,37,45,8,-9,17,36,18,23,39,10,45,-1,30,45,19,-5,28,44,1,19,35,14,46,22,-19,0,-5,-15,37,43,35,10,40,-11,2
34,47,25,46,41,48,-14,25,-8,45,-7,32,-6,-4,34,17,45,13,42,32,12,34,-14,-7,-4,39,-15,27,22,43,20,-9,-10,5,5,44,40,8,-10,-16,41,-3,-14,39,38,45,0,34,-16,20,19,-15,37,14,-17,8,-6,22,35,-10,-2,-11
11,-16,-4,43,-5,-13,-8,44,-16,27,19,-13,37,32,-6,3,4,48,9,-10,33,48,36,49,48,43,-5,18,-10,19,3,-19,40,2,47,33,23,-8,-17,34,23,43,32,12,49,16,38,-16,-1,-7,12,-10,33,-17,38,12,36,13,-3,35,-6,3
2,34,48,38,-18,14,35,36,-19,4,7,-12,25,46,37,12,32,13,-12,-5,39,36,34,8,-3,18,42,8,-18,-11,-19,-3,-15,-7,4,-11,37,18,12,49,24,-6,31,0,36,-18,44,27,-2,42,-1,32,-6,4,12,42,-14,40,47,46,-19,30
45,49,29,-18,-12,8,-4,45,45,38,-13,-4,9,34,-11,4,-16,45,47,-17,-3,4,39,42,46,-1,12,48,15,-4,-9,32,-12,34,10,48,12,45,39,42,-6,35,10,39,5,41,4,-9,35,-7,28,-10,-11,30,-10,-19,2,42,2,-15,2,38
43,27,45,-1,14,37,-6,-9,0,47,37,11,8,36,-16,4,33,28,-2,40,-2,-19,-14,12,47,47,2,38,33,-6,7,-2,33,12,34,17,-3,5,-12,40,36,49,26,49,15,36,-14,16,35,49,-6,-9,9,-12,15,-1,42,48,-7,36,8,35
-14,10,-3,5,49,4,-4,-17,5,31,-17,2,20,49,40,4,-9,2,-10,-19,49,40,44,-19,33,42,45,28,-19,22,-8,-4,23,38,7,34,46,0,-19,-10,47,-2,4,-13,5,-3,34,49,-15,17,0,-5,-16,34,40,41,42,-2,-7,26,-12,35
-8,15,40,12,46,7,40,-17,31,4,-3,45,33,25,28,44,2,-10,-2,41,35,27,5,34,12,35,-17,19,30,47,43,43,0,-18,-2,28,30,45,-13,-6,-6,-19,34,36,0,39,41,31,-19,-10,-18,-7,-18,-7,34,2,-18,34,38,-9,36,-13
-12,-17,38,29,29,48,38,14,38,10,-12,32,18,-2,39,19,30,38,37,3,43,15,-1,3,-8,16,-11,39,39,49,-17,47,-4,49,-6,43,-1,20,-8,30,43,-7,16,42,-8,18,47,2,-5,30,7,-3,46,4,47,-6,36,25,31,28,-14,32
-5,49,-5,47,10,-4,48,38,25,-12,-15,2,28,32,-11,3,40,-12,23,46,-6,1,21,-11,45,6,32,49,20,34,34,26,41,8,-11,48,-1,19,6,49,13,41,49,46,-18,25,6,-2,1,31,17,-17,-11,48,48,39,34,-2,20,-9,9,-6
34,13,25,-16,49,39,-5,-1,-13,2,49,4,-14,13,39,41,10,42,42,1,28,-10,44,42,42,38,3,-13,39,14,-14,38,15,43,44,44,38,44,24,39,-5,-11,13,-8,48,5,39,-15,-13,20,28,35,-18,5,32,40,2,-18,-12,-13,2,31
26,33,11,35,42,39,16,-17,-8,27,21,-3,36,37,19,-17,14,33,14,38,-2,22,23,-16,45,35,40,41,-15,27,-7,41,20,48,-1,22,-13,-13,-9,39,36,35,-12,20,4,-11,22,36,-3,25,46,12,-11,40,32,27,-6,10,-3,37,1,37
47,44,20,44,24,34,37,31,-1,-13,-8,48,8,-18,28,33,37,31,9,34,45,16,-17,15,-2,-19,-1,49,-12,37,35,-5,33,44,-1,26,23,44,42,29,31,-7,39,-19,46,-18,-14,13,6,-12,22,-1,41,23,38,-2,-7,28,-19,41,-15,11
40,40,42,25,-2,-2,-11,16,37,39,4,-4,-9,-18,7,-7,45,12,-9,21,17,-15,-8,4,-17,-10,39,42,31,45,23,-4,44,6,-19,0,-19,-16,14,46,-13,13,36,45,46,4,11,49,22,48,45,41,22,-9,36,20,14,-15,20,42,49,-2
-14,18,-15,17,15,-4,14,38,-6,15,31,46,0,32,31,13,1,-1,-17,12,22,32,-1,-2,-3,5,22,-15,4,48,42,-14,-15,15,-15,24,31,25,-6,-11,8,-8,-6,16,28,-18,5,-6,-11,2,25,-16,36,42,33,20,44,-17,-17,9,24,-9
2,39,-12,-17,9,49,0,36,-15,49,33,26,-8,6,17,-2,-4,17,7,-16,15,39,-10,42,13,49,37,5,29,-1,38,-4,47,-6,16,35,-2,12,38,22,40,40,14,-6,-17,20,-3,46,39,17,39,6,27,40,42,26,-3,10,40,0,16,-1
6,32,-13,42,42,22,-11,-7,18,41,43,40,37,49,45,49,-18,-5,43,-5,6,48,47,34,13,46,47,-5,-2,4,-17,17,-5,45,48,39,-10,28,22,-18,-7,2,42,30,-15,1,44,47,30,-8,-7,-10,36,47,40,21,-7,37,-16,-8,26,-10
5,43,49,35,-1,49,46,-7,-15,-8,-3,48,7,38,-12,0,-6,-16,35,-15,47,-9,49,16,-17,44,49,18,10,45,40,1,31,35,43,47,7,-18,44,41,47,14,-4,37,4,37,39,30,-11,-1,7,31,39,25,49,4,25,37,37,41,49,19
46,-12,-9,42,-19,24,9,44,-17,23,-18,15,22,-12,9,-16,5,47,18,48,-11,13,29,39,48,2,36,-7,12,-14,-19,-17,3,46,7,-18,-1,16,40,20,-17,40,-4,45,19,36,-8,-15,38,34,39,-2,-3,19,-11,8,-8,10,18,41,-13,-5
-4,-1,11,-3,-16,18,41,22,47,46,46,-9,14,-2,-12,48,42,22,-7,25,-2,-10,5,-5,-7,19,-18,-5,-3,-4,-15,42,25,36,-11,46,8,49,35,27,1,-1,24,-6,-1,35,42,10,4,49,44,45,-4,15,-15,42,2,36,19,-14,-15,45
42,40,47,28,45,44,29,46,39,-17,19,40,12,49,-10,31,8,38,-9,45,-11,-17,8,-14,7,45,-19,5,3,-11,49,-16,-3,32,-7,45,48,28,15,-14,36,-18,44,-17,-11,43,25,-19,21,48,48,-8,0,-5,12,-7,41,-2,46,-15,-12,-9
25,-2,49,8,-19,-6,48,44,21,49,23,49,46,17,-7,-19,48,17,41,9,-4,-17,-4,40,-8,-10,-9,40,40,19,34,-10,41,39,17,-8,-7,8,27,42,-13,-18,3,42,0,33,-6,13,-12,-2,-18,31,-17,47,20,-4,-8,48,-14,37,-2,2
18,47,49,9,37,-14,18,-10,-12,13,17,34,28,38,44,30,-8,47,-11,48,-17,30,36,18,31,-8,43,15,31,5,46,25,0,35,43,3,-12,-15,32,-16,-10,-6,39,23,23,-17,-8,30,1,35,41,37,37,7,49,23,3,41,-8,13,-8,43
42,15,47,25,40,20,36,37,44,-15,-10,-8,48,3,22,47,17,43,44,12,17,-17,22,-10,-2,23,39,3,-4,15,47,10,38,15,29,-5,-11,12,-19,41,23,38,-15,-11,22,44,32,27,5,-5,3,-7,-2,49,10,-17,-8,0,33,8,14,32
49,38,1,-3,-19,-10,-14,44,45,39,48,19,-9,17,37,30,39,-7,34,5,-12,15,-14,13,-2,-12,44,35,-6,-18,-5,24,38,25,36,-11,45,45,1,41,28,-16,17,-2,-13,1,44,19,-13,-7,46,-1,42,0,49,46,2,46,45,-8,9,-5
27,49,39,18,14,-4,-5,20,-10,-3,-3,-5,-5,4,-1,43,0,46,22,-10,27,-5,29,-13,0,44,-7,48,-6,43,1,38,6,36,-12,37,35,29,32,12,37,-15,10,-12,46,42,-9,-19,15,-15,36,18,-3,42,38,32,-9,13,-7,2,-2,32
40,-19,-3,31,-8,13,-9,32,35,-5,38,20,8,46,-6,-2,38,-3,31,1,49,12,-4,-5,31,4,23,42,14,42,48,21,21,-11,35,47,-15,42,23,42,5,-2,38,9,21,-16,43,36,-18,30,-19,23,32,-18,33,2,-10,38,-16,12,5,-1
36,25,45,-14,31,16,-10,14,17,-17,26,44,-16,44,15,-19,5,-12,13,-15,-7,44,19,-19,28,-15,36,-6,20,-11,34,-17,42,44,8,-2,33,46,-2,6,20,43,42,34,-6,20,17,35,20,34,37,11,37,45,29,33,39,30,45,34,20,43
46,47,18,48,40,-16,7,45,5,43,5,-3,0,-17,27,-9,31,49,-15,48,-14,8,20,35,36,-10,45,42,38,-16,31,6,35,30,22,33,-1,37,-4,29,-17,23,-14,32,-7,-1,4,-17,-6,-17,1,-16,-17,-18,5,43,-17,33,12,31,11,-10
-14,6,19,-18,43,-18,40,1,46,45,-19,39,26,-13,2,-9,21,31,-3,21,33,38,34,16,26,-12,12,-9,25,-17,-11,44,48,19,-3,23,-6,27,11,-5,8,36,20,-16,-7,44,25,-7,0,39,20,-7,33,-11,-2,-3,36,38,31,13,44,41
-18,16,30,-5,39,-5,36,20,30,-4,6,42,-14,49,38,5,23,32,-7,29,41,45,8,-11,15,34,30,49,36,42,48,-13,37,1,-5,32,-13,-8,39,9,-2,25,44,35,35,45,-6,19,16,-7,11,-17,-12,21,-17,35,31,-12,31,18,21,31
32,27,23,-1,16,-12,49,40,34,20,-7,27,40,41,-15,-14,0,-10,15,-5,46,37,-6,43,42,-7,-12,28,34,11,48,27,-19,3,24,46,44,0,32,48,28,47,-19,-10,33,2,2,-11,31,44,42,-6,-6,27,-8,25,-5,14,37,-17,0,47
-7,23,38,39,11,-2,9,38,-13,47,-10,33,28,47,36,-5,2,-18,19,-11,-15,-8,-13,18,-17,-1,-3,29,9,-6,44,22,-9,31,-15,34,-3,10,36,-14,32,18,26,-1,-3,18,20,43,37,-17,34,7,1,42,15,44,38,26,-8,23,-3,-13
41,4,40,-2,38,17,20,48,29,31,10,-17,42,31,40,4,-1,20,8,-17,34,32,29,-2,-10,-3,42,7,-18,12,2,38,-9,32,-3,43,45,30,44,-13,17,-15,10,-18,23,34,23,-16,10,-10,-12,47,-5,17,37,-14,5,34,30,46,46,3
33,11,14,42,-18,10,31,-8,46,12,-3,-9,31,-8,-8,22,-1,-16,-18,20,32,36,33,-9,29,-18,-11,6,42,46,1,36,38,15,-3,-3,-12,1,-3,6,46,29,12,39,26,-11,46,36,-8,-11,46,-2,12,32,49,-5,11,-12,32,32,-13,8
49,-11,-7,41,12,41,-4,11,-13,16,-19,-14,5,43,34,30,49,-13,4,41,0,49,-1,-3,-15,30,2,-11,36,40,-7,27,21,34,2,-4,-11,14,39,-12,-3,-3,-12,24,-14,-15,9,39,44,-3,35,35,49,2,3,34,8,-11,45,18,12,34
37,-12,-12,41,-12,21,-7,45,9,-15,-5,31,-10,38,-10,-2,-12,-16,-5,-11,-19,48,-7,4,47,-2,-10,-11,-12,12,27,48,-5,11,29,43,16,40,19,48,29,-3,-19,-2,33,27,-7,47,-16,9,38,-5,47,-10,-5,-7,-4,-1,13,-17,26,35
-4,-11,8,-9,19,45,34,-8,28,47,22,44,-8,19,27,42,-2,34,8,49,31,17,35,-3,27,34,-10,12,-8,-2,43,23,36,3,-1,-19,39,-1,-5,16,35,32,29,46,23,-2,39,39,20,-6,-17,11,49,-8,-15,-8,-18,37,33,-17,-12,4
42,18,10,44,20,40,46,-7,27,-3,-17,39,22,40,32,38,13,-5,23,33,17,35,-15,-11,-5,15,-19,8,19,-18,-15,47,30,35,7,-19,29,-13,14,34,-2,1,-6,12,2,42,0,-16,-15,8,39,-14,-15,32,14,45,-11,42,41,22,-18,38
21,-8,49,7,20,38,2,-14,1,43,37,9,40,-16,-14,29,40,-8,41,-7,4,46,10,49,-1,25,37,41,7,41,-17,49,49,28,-19,-4,18,45,-9,-2,49,41,45,-4,36,-4,7,-3,16,-11,45,21,47,37,38,-15,-11,10,-15,6,-7,8
1,46,-14,36,24,44,-9,14,43,10,20,-4,45,20,27,36,-12,40,-9,25,46,-12,47,-15,42,47,15,44,-12,-7,37,36,-17,23,-11,-9,11,33,15,36,10,41,33,34,-18,15,5,-4,0,41,41,33,-2,-7,44,38,7,35,-6,-18,16,-9
9,33,31,-17,43,43,6,-3,0,-16,31,7,-14,-3,42,7,38,22,1,49,-1,-6,-2,-6,-1,48,21,49,23,44,31,26,-15,15,29,34,34,35,37,-11,-14,5,44,-17,32,18,-19,20,23,-3,-12,45,-19,-2,23,36,35,42,21,32,-11,14
-17,-17,-18,48,9,48,16,45,-5,4,-16,-10,11,-2,19,42,49,-3,13,35,39,13,15,40,44,21,48,-9,-13,-4,44,-14,38,-9,-17,31,-18,27,34,43,10,34,35,11,32,31,35,22,48,-17,22,46,6,-12,39,18,-10,14,7,-6,-2,-11
-8,-1,-11,-1,48,43,35,35,-16,0,43,43,25,-5,-10,25,47,24,-10,-10,-16,23,31,41,4,-7,17,46,41,7,4,-14,-10,46,46,20,-4,19,20,40,40,4,13,36,31,-9,31,8,15,37,-13,7,-17,15,32,8,2,43,-15,35,-17,14
48,13,34,3,-2,41,4,-10,-3,49,47,33,43,-13,41,29,8,-19,-16,39,-19,37,-11,20,-17,14,-15,34,13,-19,-6,43,5,-7,-1,-19,-16,6,45,13,-2,43,44,34,-2,16,32,20,9,-11,-13,28,3,47,-8,15,21,35,-6,34,-8,-11
42,43,-7,11,-11,-8,10,32,5,35,31,-1,45,8,-5,44,-2,30,41,-14,0,49,2,-19,-10,17,28,44,18,-16,36,15,37,46,39,5,33,-12,48,-4,-3,-3,-3,5,21,-14,-18,-19,25,-8,35,46,35,13,-19,17,-7,-7,45,31,6,48
22,48,-14,45,23,43,25,35,43,9,32,1,46,23,1,-3,-11,-2,-3,15,-19,-15,12,49,46,24,-8,6,-2,-16,-9,6,27,-19,-3,4,-1,-4,-19,-4,35,-4,6,38,-18,27,30,-5,38,36,-14,6,38,-1,-9,-5,14,46,12,-2,-7,36
6,43,-3,-16,18,-11,45,-2,20,-15,-8,-5,18,40,-16,7,25,-18,0,47,29,-10,17,43,-2,-17,-6,-19,-11,46,-8,-9,34,5,-19,37,2,35,29,42,46,15,23,-16,4,-12,16,-8,24,33,6,39,36,23,-14,23,-11,16,-12,20,44,4
24,47,3,-13,34,3,29,-9,28,32,-18,-15,-3,-3,-12,16,-5,-3,31,23,38,20,-7,16,9,-1,30,-6,18,37,37,8,46,-18,8,33,29,-1,-14,0,44,-3,-15,35,38,-7,36,39,43,17,26,-11,44,34,31,14,14,47,32,39,4,-2
-6,34,-19,27,49,45,-17,44,20,-1,5,-10,46,20,-1,44,42,44,-14,5,2,-15,5,34,10,-2,20,-10,-13,20,49,-1,41,17,12,-17,-13,1,6,47,48,-13,-7,26,49,18,-11,-6,46,44,-13,26,16,37,6,49,42,23,-15,3,-7,32
21,47,36,32,25,36,-12,30,8,42,34,-19,11,-4,31,-17,38,45,8,36,12,44,2,-11,45,46,44,36,16,38,-10,-8,36,48,35,5,-18,41,-15,18,45,48,47,-1,9,40,-14,27,34,-5,-13,37,-2,0,-18,-10,-7,22,34,-9,6,-17
26,-18,-19,-6,24,40,41,-1,4,46,19,38,-9,19,37,19,46,36,45,26,-5,39,33,23,-12,-1,33,13,43,-5,7,35,49,20,45,4,-2,-8,36,43,19,-4,24,40,22,-9,2,-1,13,-2,41,24,-10,35,-3,-19,31,9,47,29,42,2
8,45,16,35,37,-5,36,26,42,18,49,-14,45,49,-2,1,41,-1,16,-8,19,34,-18,-5,11,48,-11,10,-12,36,20,-15,48,-16,-4,5,48,-18,-13,20,41,22,47,-14,11,40,38,46,-18,8,32,-3,0,48,-6,-15,37,-15,20,47,-9,44
47,17,-8,39,40,-19,29,37,12,31,35,3,-13,37,-2,23,42,4,-18,-11,31,1,25,35,35,29,-3,21,15,-7,-3,22,39,-16,36,31,-5,-18,-15,-14,-17,23,32,41,0,36,-17,38,-11,15,-5,-13,49,45,-3,-6,3,43,47,4,-6,-7
6,37,-7,4,14,-10,32,21,28,-5,-10,-17,47,-16,26,45,-10,14,36,9,-3,9,30,-6,-6,39,19,-17,45,24,32,-9,15,-16,-12,19,24,-11,36,14,-19,11,32,-2,-11,-12,-1,-7,-5,10,4,-15,21,44,40,-10,38,31,39,9,10,-13
-4,12,16,40,-3,27,-15,-8,49,41,-13,-10,-5,-15,32,-2,41,35,-6,-8,4,-7,-4,10,-16,15,38,24,-5,28,41,-15,49,2,28,-13,31,30,-1,-12,-15,29,-4,-1,3,-3,-9,-4,-17,-19,8,38,15,-4,39,26,23,-2,41,39,-17,22
-15,29,-13,-9,-6,47,10,-17,-2,49,17,-8,11,36,-15,42,18,-3,34,29,47,11,-9,45,2,-5,7,-19,-13,-11,-1,26,-8,34,45,15,42,38,15,-2,48,33,6,-16,47,-10,37,10,10,-12,-12,-14,-14,21,-5,37,46,2,11,41,26,32
42,-14,25,-1,42,-2,-15,-4,47,-18,8,-2,36,-13,28,46,4,40,10,49,48,49,9,-5,38,29,30,41,42,15,5,39,46,3,42,1,35,5,32,-11,47,33,42,10,44,43,39,13,43,19,14,39,44,6,37,-1,35,-16,37,6,12,-17
-17,11,0,42,4,34,-16,45,-5,24,-7,7,35,15,47,16,36,15,10,34,47,44,7,41,-19,-18,-13,27,-10,3,40,-4,-12,9,-10,36,35,-17,39,-2,14,-7,-10,-19,38,0,47,-13,20,48,35,46,43,41,41,7,29,-5,-5,37,42,43
34,41,21,-14,-3,-15,5,-8,4,-19,39,3,-15,-5,49,-3,4,38,7,-6,-10,-3,48,-15,-11,9,-14,39,11,37,16,-4,47,6,24,31,28,-10,0,-7,40,33,38,8,38,26,-11,34,-3,7,36,-15,41,0,41,13,-15,34,28,36,42,-2
-12,32,2,-6,47,24,12,46,44,13,0,41,-12,13,-2,-1,16,32,37,42,-10,6,38,-2,49,-7,33,13,46,-1,24,35,48,35,-6,18,27,-8,-8,30,47,21,40,13,35,16,-15,8,43,-5,34,31,-5,16,-1,7,27,49,36,44,32,2
48,37,-9,-5,46,1,35,-15,-3,5,45,20,49,36,1,38,28,-10,-12,30,42,21,-19,39,-11,12,33,20,10,40,41,33,15,-18,20,-9,29,-13,41,19,-19,11,-2,16,47,-1,-10,-7,-5,30,-12,-14,-16,16,4,-13,48,44,39,13,34,-6
-14,20,41,48,-19,39,19,49,17,-8,26,33,15,-10,2,49,2,-19,22,-6,25,43,-15,-17,-11,46,22,32,17,40,-9,39,-7,40,8,46,-16,48,2,40,34,23,2,37,45,0,32,40,28,34,42,33,3,-12,13,39,46,-8,13,-1,-1,-13
4,-7,20,-7,-2,-17,3,39,41,45,8,49,18,-3,-3,43,-4,0,49,-14,-16,9,5,-10,6,-2,-14,-14,14,37,-10,-15,5,-3,33,1,36,3,-19,6,-15,40,28,-2,-7,-15,33,22,49,29,-12,2,48,6,11,-2,21,49,21,-4,44,43
31,-12,-2,21,-5,29,30,45,43,32,27,45,31,0,-8,39,-17,-8,-1,49,34,-16,-8,-13,-18,28,-13,-8,39,29,40,11,-11,8,-4,6,13,41,47,-12,-19,-19,29,-12,20,-13,-8,15,22,35,22,-15,-5,-7,21,45,9,37,10,45,-2,2
20,36,38,34,-5,6,13,42,9,-5,28,33,-2,16,7,-9,31,-17,3,45,-13,10,1,45,42,8,5,45,42,-6,-3,2,-5,37,45,44,46,-10,38,-7,43,29,-13,44,20,-16,2,32,40,4,19,47,-2,19,27,49,43,10,8,-4,33,-7
-4,-16,-7,26,-4,-9,33,32,25,-11,-16,18,31,16,14,-13,44,14,32,-19,31,4,39,38,48,34,44,40,48,-5,21,-4,47,15,10,34,12,41,-12,21,32,36,-1,44,-12,4,19,41,-2,44,4,-15,-6,42,-1,-13,31,35,-5,44,13,-4
7,40,38,22,40,34,34,38,43,8,22,47,33,25,-1,1,7,48,49,-9,-17,25,-18,22,38,13,11,49,42,22,-16,21,-3,0,3,33,-4,28,16,-12,-17,18,12,49,46,24,-5,28,-18,-6,39,30,7,41,36,1,-8,40,48,30,19,40
-19,-12,23,44,-16,-8,-10,-3,-13,16,26,36,-1,34,49,47,9,41,42,-13,45,15,10,-10,40,4,-14,43,41,-11,12,34,0,-11,20,33,-5,39,18,47,-8,23,45,18,-8,34,20,-10,49,-13,12,-15,19,-5,10,42,41,6,43,29,25,32
42,22,31,34,14,45,42,-1,33,-5,45,-8,-1,27,46,-5,-8,-19,18,-4,-19,16,40,32,44,-15,41,44,-1,-17,-5,49,6,-18,34,-7,31,-12,33,42,11,-17,-19,15,6,48,-17,-5,35,30,15,-19,-19,49,39,-13,31,0,33,47,36,20
32,-11,40,12,16,42,45,-7,42,-5,42,-11,-18,49,29,-16,-2,5,3,-9,12,40,29,-1,49,38,39,19,-19,-5,3,-12,42,33,-11,39,28,49,6,-19,-11,-15,-10,8,-9,44,-15,18,-8,9,41,-18,19,-1,45,9,-1,-5,-10,13,34,11
-14,41,36,2,-13,32,33,49,-4,14,33,18,-15,15,-5,28,-15,16,44,2,-4,-3,44,31,34,-13,31,-7,45,30,37,6,-8,17,48,12,-7,6,41,-5,49,-5,-4,-2,37,-11,-9,13,48,20,-17,6,10,-11,24,-4,36,2,33,-12,39,45
49,17,42,12,20,-15,-3,0,26,-8,45,20,3,-19,4,-15,-8,39,-10,-13,37,-2,-12,2,31,30,2,32,-14,7,-18,32,41,34,-19,22,-13,1,-13,41,-2,20,-11,23,27,39,41,35,-10,23,9,42,39,-1,-4,26,5,31,47,-10,41,-3
18,45,-4,36,-9,33,-12,30,42,46,42,11,-17,39,33,23,37,9,-9,7,49,-18,-14,8,-19,5,0,-6,-3,25,30,34,-2,18,15,49,48,11,36,-6,38,40,40,22,-17,6,43,8,-4,31,-16,9,42,40,37,0,-8,42,-1,-2,-1,18
30,33,38,47,8,-10,36,-12,-5,-17,24,36,45,30,1,42,-18,46,38,1,42,15,-9,44,17,40,-9,7,25,-8,13,-11,-8,33,43,8,-1,13,-5,41,-13,42,5,44,48,-8,-5,41,-6,-16,17,-5,20,-11,10,40,29,49,35,16,-15,11
26,-1,18,-19,-12,-3,-2,4,43,33,-10,2,14,-16,39,1,-11,-5,-13,41,7,39,-15,-12,-13,31,-13,6,7,34,5,-16,6,-10,45,30,47,35,-11,-6,31,-2,35,22,38,30,36,38,47,-8,4,-11,47,42,-6,19,17,36,-7,40,7,-6
49,19,36,-12,-4,29,38,-8,33,17,12,-11,-3,48,17,48,26,45,4,-10,-4,42,41,40,-8,4,-8,2,33,4,26,34,49,20,-7,39,13,48,34,10,34,13,44,-3,41,18,-7,42,34,36,15,35,47,43,35,-8,40,24,36,-15,-17,47
-11,-9,40,8,38,31,23,-8,-10,-13,43,5,5,45,14,-11,38,35,-5,47,-15,2,43,-17,-10,-4,5,-6,-14,-19,-2,-12,2,-14,33,43,-4,33,0,44,32,43,2,-5,23,39,27,-17,-12,-3,-14,15,-19,33,19,31,41,4,9,-2,33,11
33,45,31,15,15,36,13,35,46,7,1,-13,28,-7,12,33,22,-4,22,40,-10,-5,32,22,-4,2,-5,-10,20,-1,-15,9,12,47,13,-5,-6,-16,38,45,22,41,24,35,-13,30,11,-9,11,48,-6,21,43,-3,-15,36,35,4,-3,28,9,-19
46,36,-6,26,40,21,48,10,12,-18,8,33,-6,44,43,4,-8,22,47,-18,16,-1,-18,5,37,10,-14,47,33,2,-4,3,31,36,46,15,-9,-12,-4,49,49,25,5,40,0,-16,33,35,-14,-6,43,39,13,45,36,42,44,-10,37,-17,2,-5
34,8,46,28,49,23,-7,45,25,43,37,44,43,-5,27,33,-15,-10,-7,23,-13,-14,5,34,41,32,-1,49,44,-9,-5,-9,35,-7,-13,-2,-16,22,33,42,7,40,1,32,9,-16,37,36,-13,12,14,-12,39,-6,38,-13,12,47,14,-3,4,-14
-7,-12,32,29,46,8,32,-8,49,-3,29,33,48,31,44,-16,29,-3,-15,-8,-8,11,37,19,29,36,-6,-13,49,48,-1,43,-16,36,7,-9,-14,25,22,-2,-2,15,41,-3,47,45,-3,-1,32,16,7,39,29,34,-13,41,5,-17,29,-12,-19,21
38,0,-13,-13,-6,43,40,16,32,19,17,-17,-7,34,8,40,40,34,14,-2,-6,-5,14,-15,19,40,48,13,-15,1,-18,-10,40,36,1,-18,-1,29,-12,23,-13,49,-1,34,10,39,8,-4,4,-2,39,27,24,-4,0,38,40,48,25,32,-15,5
-18,-13,47,2,-6,30,37,7,34,48,-12,-12,31,23,-14,39,-18,-12,-16,15,8,-8,-17,7,7,49,6,45,4,-12,-14,19,-15,46,-6,-12,8,31,15,-3,-4,38,20,40,8,-18,13,-5,-18,-13,25,-18,-19,10,47,-16,-1,-1,48,-19,-11,47
37,12,-7,-10,0,44,49,-16,35,-15,-16,11,-6,-5,41,23,19,34,10,48,10,40,-2,21,7,49,39,33,-11,-15,-14,-8,-13,-8,-5,12,-14,0,-6,-1,31,17,48,47,-5,44,27,-16,17,39,-19,21,13,34,8,-5,-12,4,37,-13,-12,2
22,-13,9,40,-5,-3,-9,-9,24,39,24,45,-5,6,-19,44,-5,34,33,35,33,17,23,-8,-4,-16,-15,32,-15,14,49,23,-7,45,-5,22,42,1,-9,13,-15,14,3,38,4,46,34,16,22,34,45,3,32,-16,-8,18,7,34,-15,22,11,-15
23,39,-9,-19,24,-2,1,40,12,-5,37,18,26,-13,9,-14,24,-2,49,35,13,48,-8,16,6,-8,41,40,-11,-3,36,6,-15,37,-15,-11,-12,13,46,0,-7,35,9,-8,44,19,-10,38,12,41,-6,27,-16,43,-16,-12,4,43,-3,3,34,13
-3,-11,-18,22,-2,27,-14,26,-17,47,-9,25,-8,25,37,34,-16,-18,-2,11,1,-8,26,-11,6,48,-19,-8,27,37,2,-12,10,-7,14,39,-3,32,29,-14,48,-13,37,-9,41,-5,14,-10,19,40,-9,40,-14,-3,24,40,8,37,31,44,-14,9
-7,22,-17,-15,-7,12,32,7,31,11,21,-11,46,45,-4,44,13,-3,-5,3,23,-12,-17,29,24,37,9,40,8,-19,15,49,-1,15,-16,2,42,26,3,47,43,13,25,-18,46,16,1,-4,20,49,37,-5,-8,3,1,-6,-9,2,7,49,5,-4
-19,33,44,38,27,-11,47,32,17,-11,46,-1,22,31,13,-10,-13,4,42,34,-12,49,3,-14,48,28,-9,13,-3,0,47,39,-7,44,41,4,42,-12,-3,8,32,30,-1,-2,42,-17,3,46,-19,42,22,-9,47,32,42,49,-11,33,-14,48,17,34
15,-18,-6,30,-14,25,7,44,-7,40,30,-13,27,37,-13,15,32,22,0,-7,14,-4,-19,29,33,11,38,-4,42,9,39,12,38,47,-16,-4,35,19,10,42,14,31,4,37,-11,-17,38,27,0,-6,39,0,-17,-19,35,-19,-16,-8,45,-2,-7,3
17,-13,-7,18,0,42,22,33,44,-15,3,33,-3,23,46,21,14,40,-15,1,-14,1,-11,46,49,-15,12,-7,-10,-12,-7,43,-14,-7,42,46,32,-11,35,-11,2,-9,32,-11,24,-1,44,18,-9,33,7,41,-14,13,-13,6,-11,-6,-13,19,-7,46
-14,2,44,12,27,46,-17,32,21,-16,-3,12,-1,-13,-10,42,34,9,36,35,42,-11,44,39,-16,-18,8,-13,14,41,45,46,-9,-11,2,42,30,39,36,49,43,-3,-13,9,27,-14,48,-3,35,45,38,32,-10,49,34,44,15,48,48,12,43,-1
42,15,8,-19,34,-3,-7,20,-16,4,41,8,34,31,-12,32,-14,27,2,-7,-1,16,38,-13,-8,-5,15,35,-14,17,40,-6,41,29,19,-3,43,-6,33,-13,44,18,5,40,48,20,33,-1,-12,32,40,-15,-1,33,48,22,-12,5,30,-8,-9,-8
44,18,43,-2,5,34,34,23,21,31,41,-13,34,-19,32,29,33,25,-8,47,-17,-15,45,24,40,35,48,-4,34,32,10,-1,32,12,-19,-5,38,17,40,-11,-15,15,31,48,49,-8,44,-10,-19,-15,45,0,43,28,-10,-18,49,-10,-15,-18,-9,40
36,26,-13,1,-14,26,18,-2,-10,9,-19,40,40,4,33,46,-8,30,14,-8,-4,6,41,32,46,39,-9,29,25,32,39,6,-15,1,47,29,35,35,35,1,29,43,25,47,39,-9,32,22,47,30,20,41,-3,24,21,48,-4,41,-16,47,-13,10
27,-1,-17,31,3,-6,-16,34,-12,11,-5,21,22,32,-5,37,49,-14,-18,5,16,43,-1,38,34,29,-10,21,40,3,40,8,2,-18,27,42,-4,-11,0,-14,20,38,42,19,-3,-1,13,-7,44,28,-5,-4,-10,6,8,-9,10,43,-19,21,31,1
-18,3,-4,45,30,-15,-6,31,-14,13,-4,22,40,15,35,21,32,7,42,39,3,-3,-11,44,16,46,1,37,21,43,-9,10,-5,-12,47,39,38,-7,43,-12,49,-10,-7,39,31,6,3,-2,-14,-8,1,35,-13,8,47,9,24,41,41,12,-15,14
-18,38,-18,34,15,-10,-1,-6,27,-3,-19,43,-15,28,47,13,-9,46,45,10,7,-13,-9,-17,-15,12,-13,21,-19,24,-5,-9,46,-7,41,25,41,46,20,34,30,33,32,9,46,36,37,39,-1,28,41,35,-2,24,-4,6,-3,-15,-18,44,12,43
5,37,30,38,21,35,47,31,-14,27,22,-18,32,-13,39,48,21,-8,19,48,40,7,24,36,33,-7,-16,29,45,9,-19,44,-6,25,-5,-9,-3,44,-12,-14,42,-3,-15,4,-6,-6,11,-7,-18,16,16,-9,47,-16,48,39,-11,15,1,46,34,35
-8,-6,-17,38,45,10,30,-5,-10,39,4,35,42,-7,38,-19,48,40,-2,15,28,49,47,42,-18,0,37,12,-1,9,-7,-7,46,13,38,42,-7,-14,36,1,48,-15,19,-18,44,5,35,-17,42,26,36,39,28,-19,-7,18,33,49,2,32,16,47
-2,-8,30,-16,43,-4,46,27,-18,-18,39,24,-5,-5,28,47,-14,-13,-1,29,-15,13,36,46,9,41,46,43,49,25,7,-6,40,16,-4,22,18,-10,-12,-2,-10,38,32,17,34,20,44,32,10,-1,46,-1,-15,46,-15,-15,24,-14,38,42,-9,0
44,32,41,15,14,46,48,29,-15,8,-14,10,-19,-19,-16,32,42,31,18,38,-4,18,49,-7,41,46,37,-13,32,5,32,-14,34,4,-7,31,-4,27,33,-17,-16,-1,3,-4,-12,0,-4,35,-9,-18,34,36,46,42,42,17,41,28,-4,4,47,-16
3,-3,5,-16,4,-2,12,44,-10,25,-1,32,12,-17,-3,8,-11,44,3,35,6,32,32,25,-7,19,-7,1,-19,48,14,39,34,45,37,27,-13,14,-12,24,48,38,35,-15,-19,0,-15,30,45,7,31,19,6,-10,27,-15,28,-19,34,-7,29,44
38,35,9,38,13,47,-3,30,15,-8,17,33,42,13,31,-14,-9,42,45,5,39,19,42,44,31,-14,-12,0,-18,-17,19,35,31,1,47,2,-19,33,-4,-8,32,39,11,32,43,26,24,-18,-9,27,0,37,15,43,29,39,4,-5,49,13,9,43
19,43,47,-10,-19,31,-18,24,-8,33,27,33,-3,30,43,-19,41,40,40,-18,-1,30,43,-6,33,-19,45,46,36,26,37,44,-5,16,44,-17,-1,48,-8,-11,-16,29,-8,-18,45,-6,-10,39,-3,-18,40,40,9,-14,0,48,-3,-13,-8,25,16,-3
35,11,18,32,43,47,-19,45,21,-12,44,9,44,-11,-7,-17,-12,17,4,-15,31,-3,41,33,44,-2,4,40,-7,22,40,40,48,33,11,-15,33,36,-4,46,46,24,-8,46,-10,43,-14,0,-12,15,-18,1,49,-1,20,49,49,26,19,35,36,44
-14,2,20,-9,31,-12,46,23,-2,16,0,-6,10,-9,-16,-14,37,9,49,40,42,2,29,-9,-8,-11,0,-10,31,-2,47,25,6,-15,36,-13,-1,-17,-17,-10,-14,27,40,-1,-14,25,44,25,10,-8,37,11,32,-18,13,-14,-5,26,29,-15,4,-2
35,-13,37,41,0,41,-15,4,-3,-12,7,-6,37,43,2,-4,-8,-1,39,40,-2,20,-4,-1,48,44,-19,27,31,-18,26,-17,36,11,-19,10,-11,31,32,9,-3,5,-10,35,37,48,-8,-17,34,26,-15,2,48,24,23,-14,42,38,15,-17,40,25
-18,48,2,44,33,31,40,-10,38,-16,29,-15,34,9,-2,19,-6,-17,22,33,44,20,-19,41,3,43,-6,38,-4,14,39,1,-13,40,49,-10,-10,39,12,-16,32,-6,9,35,32,10,46,-2,17,46,31,48,11,37,-12,20,47,44,-9,32,-3,0
5,-6,-2,-7,-14,41,-18,29,28,-10,40,-12,-13,18,42,9,20,-2,9,-6,-17,13,45,-11,47,14,-19,-14,8,-1,20,39,-4,-3,-18,-5,-17,30,-10,19,-11,2,9,-11,-19,11,-3,32,-16,-3,-3,21,27,37,-3,26,-15,19,39,27,-2,31
37,15,31,26,48,-1,47,35,-10,38,-4,-11,38,3,27,-14,-10,-14,-14,26,14,45,12,47,-19,37,37,-14,27,-5,47,2,33,10,-19,32,17,41,17,44,6,38,49,37,43,19,-2,38,-16,34,5,-17,-17,32,0,-11,-12,-14,-11,-4,32,-11
12,39,34,36,-6,-9,47,20,-16,-4,-4,21,14,-9,-17,-12,8,34,-16,14,34,13,-18,27,34,14,-4,-5,11,49,33,16,-11,29,32,34,41,41,-19,36,20,33,-19,9,-7,5,-18,40,-18,39,-5,-12,48,41,5,-18,4,34,24,45,-7,22
6,-11,-15,10,3,-17,49,-19,39,0,42,-12,-10,-2,-13,26,32,-13,21,35,40,46,24,-13,1,-2,46,39,-5,34,1,-7,36,27,32,19,-11,26,36,32,-15,36,34,11,-10,48,-11,3,-6,-5,19,45,14,-19,49,47,47,38,11,-14,-1,0
48,42,-18,39,-12,27,25,-2,44,-12,-12,36,11,34,-19,4,-6,23,36,8,39,30,5,35,-3,-13,46,-6,13,42,16,-13,22,32,28,36,-3,28,-4,29,-17,-6,35,-3,0,32,45,15,6,49,-7,0,-6,45,24,37,43,13,27,-19,48,-16
1,41,-1,-10,5,32,45,21,24,-9,-10,-5,33,-6,13,-16,43,44,25,31,-12,11,23,-9,-6,8,-17,11,28,-3,15,-17,32,9,34,43,18,-6,41,42,41,28,-6,12,38,8,10,-12,7,40,40,11,44,8,22,46,-6,-15,21,-4,31,43
17,45,34,12,-11,24,45,45,-8,-11,8,45,2,-4,8,35,10,34,-12,13,11,46,44,31,8,45,39,11,-2,-4,-9,32,10,43,23,-4,5,37,6,47,11,-1,48,39,16,49,0,-12,23,36,-7,35,-19,0,-18,32,-17,21,-2,29,9,-2
40,48,32,5,39,5,48,11,39,-16,-11,-12,26,38,47,46,47,22,46,3,39,33,34,-13,37,37,24,-17,15,-6,44,-5,18,-12,49,-4,-19,39,3,32,41,42,21,-9,-1,14,41,-3,27,-2,-10,25,15,-12,48,44,-16,4,8,33,11,46
26,-18,-15,17,48,41,33,-14,-4,23,-1,36,34,0,27,41,19,-10,46,26,13,-9,-16,35,21,-1,38,19,-15,34,32,45,49,6,20,40,44,40,-15,40,35,13,46,23,-4,47,18,-12,-10,11,-17,-13,-6,-9,47,40,42,28,41,-4,-3,-12
38,0,2,41,-5,25,35,-18,9,-10,-7,-4,40,-3,25,49,44,35,19,31,48,-4,-15,-18,47,-16,35,0,-10,8,49,-13,12,-10,11,35,-13,-18,47,39,33,-13,-6,43,-8,13,24,-8,12,43,-5,20,29,40,3,31,35,-3,13,37,4,38
35,22,39,35,-18,7,-12,16,15,35,6,-8,4,-14,6,31,-11,-10,46,37,34,44,1,-3,18,-17,39,-10,13,-1,4,46,-18,-7,47,34,-14,-14,-18,32,31,-8,49,-19,43,-12,38,-9,42,14,-15,-12,47,-10,-7,41,8,41,18,-7,5,-5
36,-16,42,25,35,-11,-2,43,-12,45,7,-16,17,-4,8,31,-12,9,6,37,-17,3,28,33,15,32,32,27,31,7,47,-16,40,37,14,-14,-18,23,46,46,39,13,34,35,-14,10,-19,25,6,39,-5,24,39,-13,-11,-5,3,-7,-2,9,44,49
43,40,47,-11,33,31,33,2,24,42,46,13,19,33,-18,37,41,43,45,-3,32,-7,-7,37,48,27,44,38,15,-8,45,5,34,-16,-7,28,14,43,40,-16,32,41,-18,8,42,-3,-7,29,-16,12,46,25,-8,13,26,36,15,31,18,42,-10,25
7,42,7,-12,42,-15,-4,41,-7,38,9,-19,48,8,21,34,-9,11,11,-13,39,5,-15,36,-18,34,10,-3,7,-4,47,48,21,-6,40,35,33,26,-12,-14,34,-1,-14,-7,-8,25,42,44,47,-19,28,-9,-14,48,-10,33,-16,16,44,-9,-7,17
-10,37,43,9,48,3,4,-12,31,43,33,49,44,19,40,15,-10,-3,16,-10,40,34,-8,29,-14,-3,-16,-2,-16,21,10,48,1,-11,20,-8,0,-3,15,41,-13,28,31,20,1,31,-13,42,27,36,14,33,4,-1,1,35,39,36,-7,38,11,-8
-16,-12,10,47,15,-17,35,31,46,-15,-9,41,49,38,34,15,-1,33,-8,49,48,41,-18,-3,11,-1,18,42,37,25,-5,22,14,32,-11,45,41,-7,-14,43,-18,28,3,-16,-8,10,11,33,33,-12,-18,23,2,-9,10,49,-16,0,26,44,11,43
33,28,22,42,7,41,3,-19,47,48,17,-7,32,15,-9,44,-2,12,24,41,-10,37,16,33,11,35,33,-17,43,38,26,39,7,-13,12,-16,27,-2,-18,7,19,33,32,25,-16,38,-12,31,19,38,15,31,9,-11,49,22,0,-7,-13,41,-3,-8
33,44,6,-18,-13,-12,-6,13,33,37,47,-1,-8,21,44,-6,-5,1,-6,35,40,-13,46,-8,-17,27,44,40,-15,34,29,-15,-6,12,10,33,-18,-10,7,33,-2,47,20,47,32,22,16,35,42,6,38,31,47,-2,-5,13,-2,-9,-17,11,40,17
42,-2,-13,36,3,48,7,41,21,40,23,-4,-14,25,-17,-3,32,16,44,24,44,-17,25,-18,27,35,36,13,34,-15,-10,-14,37,8,30,40,17,-1,27,40,-19,37,-5,1,37,42,18,-1,41,13,3,34,-11,6,34,11,-1,-6,27,-10,31,1
-3,11,48,-8,1,35,43,35,15,-2,33,44,-14,1,-15,-13,-6,37,-14,-2,43,19,15,-14,34,-3,-16,-14,29,-5,-17,-18,4,38,26,-16,19,41,-8,45,24,-12,-9,3,10,47,2,36,-6,45,31,-2,32,31,-2,25,-18,40,35,23,32,-9
40,40,26,45,-8,20,-10,-4,37,32,-16,-1,27,-12,-17,8,-9,-4,15,38,38,2,-14,-15,31,-13,-1,28,34,38,45,26,0,34,42,-5,-11,49,16,-17,44,10,37,-3,-13,29,47,4,47,38,20,-5,-2,30,36,39,32,-2,-15,-10,29,-13
20,-13,48,-6,-16,22,40,30,46,41,-7,18,3,-1,32,29,17,47,31,27,39,35,38,38,5,35,36,-15,-3,-6,11,43,23,35,4,-7,38,13,16,44,34,21,-15,-10,35,36,31,-5,38,-13,21,-6,24,46,-6,-8,-1,4,19,36,-3,34
38,-3,-13,44,-3,39,-16,-4,-8,28,32,44,1,44,33,2,31,49,15,46,-6,19,9,45,26,-15,-11,-18,44,-18,-2,49,6,35,-9,-2,-12,18,48,-6,48,1,-17,-8,42,38,-3,41,-11,22,5,-17,-5,-18,-2,29,47,13,38,-7,19,48
47,27,49,22,31,20,24,42,45,2,1,-10,37,29,49,1,-12,7,42,-14,-16,-2,43,24,46,47,33,37,34,42,-18,16,46,23,-2,17,31,5,20,-16,39,4,6,-18,-9,4,-11,38,31,2,-8,22,45,0,45,12,-11,32,-11,13,29,34
46,29,-16,39,29,46,-8,18,49,-13,-3,25,-18,28,-17,16,48,-1,-17,49,34,11,42,24,-7,-10,-10,-3,-14,41,28,39,20,-17,-7,6,-10,-8,-8,14,-18,20,-14,11,-9,-17,-4,10,-7,11,-8,32,45,15,16,-2,37,45,35,1,17,33
37,24,20,49,-2,32,34,2,22,33,-4,17,17,-3,19,34,18,-1,-5,37,-6,15,45,40,3,-1,-19,36,46,18,42,1,-14,-9,-16,1,40,24,-4,-12,13,48,6,46,48,47,-5,-6,-15,21,-5,44,15,-7,4,-5,33,43,-4,31,-6,32
-19,7,-2,4,39,-9,-8,47,25,43,49,-19,-2,12,32,19,-11,-7,33,43,-10,0,48,0,-16,9,44,-17,37,24,34,27,9,47,30,-14,12,40,31,48,47,42,48,15,33,10,36,0,10,-12,-12,47,34,12,49,26,49,18,-5,17,30,39
-12,47,38,29,38,11,-9,41,28,35,6,-19,44,22,-1,-15,-11,44,10,-19,45,22,33,-9,40,4,-7,43,-6,-4,-8,-10,15,-2,48,47,-15,8,33,-3,-11,36,1,-9,-11,9,-8,45,-1,7,35,-9,30,-4,44,6,40,-12,6,-3,12,34
19,-7,-2,15,30,-8,-11,-6,34,0,39,10,9,39,39,11,49,-7,-9,10,-3,21,43,-4,34,-2,34,-5,31,8,41,20,-11,-17,-6,-1,-4,19,49,-18,-3,32,43,12,-3,27,3,-12,48,45,-5,18,26,31,-11,8,46,16,31,-13,27,-10
35,28,-4,47,-5,19,-16,4,-19,-1,36,5,39,-18,9,33,40,38,-17,-12,13,-19,46,31,-18,-19,-3,-19,48,24,-6,40,-18,3,-4,-6,47,28,19,-11,-2,0,42,13,0,-7,43,-5,21,38,-18,22,-1,46,8,-16,1,-11,37,17,-19,-4
2,-11,12,-2,-18,-1,40,24,39,30,-18,18,44,-11,15,31,5,-19,0,-4,22,-4,15,41,-17,-4,5,-19,31,36,-16,-6,39,20,37,6,34,-3,-13,0,20,35,-19,19,30,46,-18,0,31,28,17,35,39,43,-1,21,-3,4,49,3,34,-11
-4,35,34,8,25,39,9,44,39,-9,36,36,-19,30,-1,10,21,36,41,-10,48,29,3,-10,46,17,39,3,22,-11,42,44,-12,45,-14,46,-3,35,12,45,-4,-19,23,42,40,-14,12,38,-11,2,32,18,36,36,-16,7,15,37,-2,38,8,-10
12,48,33,6,-18,16,33,49,-2,22,-10,10,-16,-5,30,33,-9,30,42,14,26,49,34,13,17,40,28,-8,-5,48,-16,21,-19,-8,13,-17,-1,-18,33,-18,-14,0,49,-13,11,32,4,31,-16,-15,40,47,43,26,-11,9,25,-7,18,-15,41,47
49,47,-5,10,31,-15,36,29,48,-10,-17,7,36,-9,-2,-12,-6,26,20,36,-8,14,13,44,44,19,30,-16,10,-5,18,-17,-9,-1,46,25,-7,27,-6,-8,-11,2,-9,12,43,39,12,-1,25,-1,10,36,32,11,49,-10,38,-7,-1,-9,22,-13
-3,42,5,-15,16,33,28,37,30,-17,45,5,10,46,7,37,-18,1,37,29,42,-4,35,47,14,45,-13,41,39,-1,39,2,37,16,49,15,43,-3,22,35,-9,44,30,32,9,48,34,24,46,-12,23,-1,34,4,36,15,-8,24,10,-1,36,40
-2,38,41,48,31,-15,25,39,21,-14,49,40,27,31,-6,-14,16,41,19,-7,1,32,41,33,-11,-18,19,44,25,45,39,45,5,39,45,15,-1,36,-15,33,-11,15,41,11,-18,-7,20,36,-1,-7,36,-13,47,16,-7,-14,-3,-18,12,46,17,36
-5,48,9,-4,42,-14,12,-13,46,1,10,42,-16,-17,33,8,-2,4,-10,45,-13,-7,5,-13,-11,-1,49,8,43,34,41,1,20,-5,-1,11,8,-8,-14,19,-9,-10,-1,11,-9,-18,4,39,15,-18,-17,41,3,-7,-17,15,6,38,48,-16,-19,-19
21,-16,43,40,28,-7,49,34,4,36,-13,-6,12,33,4,-18,16,-19,-8,32,5,-9,45,-2,45,30,41,7,28,49,48,-17,31,36,-10,18,-14,35,-7,14,40,13,-13,47,28,39,28,-9,34,-11,-8,28,37,-5,39,4,-4,29,44,33,38,-19
10,44,32,9,-15,-8,-11,-17,37,26,43,-1,17,39,31,26,35,15,39,-7,19,41,40,-17,48,-14,-1,30,-11,35,25,44,29,-2,-5,-8,36,15,25,31,-18,1,-5,3,38,37,0,-16,48,26,35,-6,28,-4,46,8,34,49,21,-19,43,44
21,-19,-7,21,9,41,37,-3,33,26,27,-2,-11,-19,48,1,-5,32,-15,-2,-9,47,37,11,40,49,27,-14,-3,1,37,-13,47,-5,13,-17,-4,11,44,31,-19,43,-1,-1,12,33,48,17,32,-5,45,46,14,-1,35,-13,31,31,24,39,9,-18
41,-2,46,43,43,-18,48,24,5,35,-7,32,28,-12,-9,48,49,4,38,9,38,41,49,-14,32,9,17,-6,30,-10,-5,32,-10,25,31,18,31,44,47,4,25,-9,-16,3,-13,-3,-13,39,11,-12,31,44,23,35,-15,-11,-6,13,25,39,-10,5
32,20,31,-17,35,34,-17,-5,-12,-13,-13,31,-8,-13,19,32,43,26,3,36,18,36,-3,3,11,-5,41,30,24,36,45,48,-19,45,42,21,44,48,48,36,43,-8,-10,-16,16,-4,30,-4,1,33,46,45,36,-18,-17,25,-9,47,15,35,21,43
-14,-4,-8,27,35,30,37,34,7,31,42,24,43,-10,-17,35,-6,-9,19,-3,10,45,33,2,44,35,-9,-10,30,45,43,-5,-11,48,13,-2,3,-12,-2,-13,-12,6,47,15,-3,0,33,46,-16,-8,-6,34,-11,25,-3,18,-9,4,34,22,-10,44
-10,20,42,-5,-18,37,32,-18,48,43,43,4,42,2,-9,6,-10,39,49,2,33,18,29,-15,10,-12,48,-16,-5,-17,15,44,-3,4,30,37,40,9,36,32,33,3,-2,15,-13,23,-1,28,24,-7,6,34,1,37,35,31,46,35,-1,28,37,35
-19,19,1,42,13,-18,40,-14,-14,42,10,42,1,45,-6,19,-11,1,42,11,-8,-3,-5,32,34,22,-8,1,46,43,0,46,-15,5,11,-14,48,49,11,-19,28,-1,35,21,-11,18,14,-13,1,-7,43,27,-18,46,46,14,30,-12,-3,39,-17,20
-18,47,22,39,-2,35,-4,19,-8,-1,42,25,13,35,13,31,38,45,35,24,-14,19,-17,32,2,-4,-15,-13,27,-6,36,11,11,-6,39,34,41,4,45,10,40,17,0,-8,48,-17,36,14,47,-10,33,-3,37,25,-11,23,6,-6,-17,-6,-2,15
-4,-8,39,5,33,36,19,-2,35,-9,38,39,25,41,34,7,9,-6,-14,37,0,33,-9,-17,47,5,39,25,43,30,41,21,42,13,6,40,-19,-7,24,-9,-18,-16,22,-11,41,41,25,36,-16,-14,38,48,-7,42,45,0,10,43,7,-3,5,45
-3,14,7,31,-13,47,-14,49,35,1,-16,21,42,48,-11,37,2,47,21,40,-9,-3,45,0,34,-4,10,44,-16,3,-8,17,-3,43,33,4,-18,-1,39,28,37,-19,0,-1,19,-14,17,39,43,26,4,38,-13,-11,28,-10,12,-10,-5,9,29,-5
-14,11,45,14,39,-18,6,42,48,38,45,15,34,25,11,-13,43,42,-2,2,-10,-17,37,9,19,-12,-10,20,-4,48,6,-15,-11,40,25,-9,47,-14,38,-5,44,2,38,48,4,-8,-10,36,2,44,16,-10,5,33,34,-4,-12,29,28,41,40,-5
45,4,7,35,-10,-13,-19,-13,14,-2,32,34,36,4,8,-6,-19,22,1,42,-13,19,7,-18,-19,48,-3,-13,-6,35,47,38,34,7,18,-12,48,33,22,-17,24,-17,1,39,-10,-14,-12,-1,-1,38,-13,7,28,47,30,-8,13,-15,36,5,48,40
-15,10,45,41,22,-5,35,-19,48,-7,-17,20,9,-14,-11,39,32,34,9,38,43,23,6,-18,9,36,14,-19,47,4,41,31,-8,29,-15,24,-17,-1,-4,49,-7,3,43,-10,10,-9,2,-12,47,-9,44,20,26,-18,39,-15,-7,36,34,-8,17,43
34,-16,-19,40,0,33,-11,6,42,41,11,35,-16,-2,22,37,48,48,27,33,37,-2,4,49,28,47,23,-5,47,32,-7,-19,-8,6,3,40,-5,-13,7,48,1,37,-18,40,17,-7,-6,13,20,-11,27,-3,20,41,39,35,-10,-2,-12,0,15,-14
-10,37,17,-2,13,38,25,35,-8,-15,43,-17,45,-19,-13,37,47,33,-9,20,-13,-8,-2,29,6,-11,-19,11,-5,22,45,-19,30,-3,35,40,-7,45,38,14,40,49,-12,27,38,7,38,-7,44,3,19,31,20,34,-10,-4,-13,6,45,29,4,34
8,44,11,-1,17,-15,43,2,34,29,-7,44,49,26,35,36,39,-11,1,40,4,-14,5,40,21,34,-12,37,34,-16,39,17,27,-12,39,30,-4,16,-12,48,37,-18,16,-1,-10,25,8,-16,1,-8,-3,-15,21,34,-1,0,42,15,-18,0,-19,37
34,6,37,13,-15,40,2,-19,18,45,45,20,12,-12,48,12,9,45,31,23,-8,0,-5,-14,19,-6,21,-12,30,45,13,-1,-13,14,-13,-16,34,34,-10,29,34,-16,32,37,13,-14,17,38,33,-19,35,20,3,32,38,-15,-13,-17,34,22,-16,-8
34,20,26,44,9,-15,41,10,-13,43,-8,-19,43,30,37,14,34,25,-13,-14,18,43,-15,-6,20,-9,47,-15,33,44,-1,41,-18,-13,-11,-19,-10,1,-8,39,37,23,-10,-7,45,42,45,-6,43,22,-13,9,-6,13,-9,7,-5,32,-12,-7,28,47
-12,-10,-8,3,11,-1,42,23,39,-11,-4,21,16,-11,34,8,-7,36,43,17,1,49,11,-17,1,36,-7,26,-7,-6,37,-7,46,29,9,36,17,41,-9,-17,45,6,34,9,-19,14,18,43,44,46,-1,23,-19,-13,40,-9,46,-12,-8,-6,-6,48
-6,-15,-1,9,-6,-7,25,-14,-4,13,24,-15,13,-11,-9,-11,37,5,6,-18,34,14,47,40,19,40,11,-11,45,9,42,10,-4,16,4,-17,-14,-11,10,-11,-2,49,30,-18,17,34,30,-11,44,13,18,-7,-10,29,43,28,13,-5,10,40,-1,21
28,49,40,17,33,-10,1,36,-11,47,18,45,1,-18,10,-5,-3,45,-3,42,14,37,28,38,24,-14,36,-6,22,32,11,35,39,39,35,-4,49,-5,29,-19,36,8,6,-19,44,32,-1,49,25,34,32,16,17,-10,9,-4,34,18,-4,9,16,45
47,35,45,-7,33,0,41,3,46,-6,17,37,15,-17,34,7,40,-18,-9,4,45,40,27,-16,-16,45,24,41,48,-13,-2,28,13,-15,31,26,17,-3,-15,11,-11,0,6,40,43,-16,35,49,41,19,39,-1,20,-3,15,-1,-5,40,42,11,-10,27
-9,36,10,39,27,31,22,45,-10,21,4,34,31,26,38,-13,31,10,32,6,40,-14,4,-19,-8,21,42,33,-9,29,25,-7,25,44,-17,13,-17,18,-17,7,22,-1,-13,6,-10,29,43,48,41,40,48,-19,-9,-17,-8,25,-16,36,40,-17,-8,49
15,-9,27,48,19,-7,44,-14,12,-1,-14,11,31,36,25,42,46,42,49,-16,41,-13,-1,10,36,46,-7,-3,18,43,-14,-6,45,3,49,-10,43,0,26,49,26,-2,17,-9,24,36,-12,2,40,29,-3,23,5,40,42,44,26,34,-18,-2,15,-13
-4,-1,42,35,49,14,44,16,12,44,0,39,5,-13,-16,-16,36,41,7,-15,15,-4,35,6,18,-18,1,-9,-19,-19,-6,6,4,45,20,41,8,-16,-16,25,17,-5,31,-2,-4,31,36,3,-19,1,42,-11,-2,-19,9,-18,-18,-7,-8,30,-17,1
-12,45,-7,40,-1,-15,16,42,-12,9,37,42,-18,13,-3,15,-16,8,-13,38,37,9,35,-16,44,46,33,36,5,-19,-12,26,-18,35,14,31,-9,47,6,46,49,44,-6,20,30,33,2,-15,41,-18,-14,2,19,-16,-15,-2,-19,42,-12,35,14,42
41,23,-1,-17,-9,36,12,41,37,2,14,-10,24,38,19,47,20,-17,46,20,-10,11,-17,35,-19,-14,-9,18,-14,-7,38,-9,-2,-7,44,-8,-4,15,-13,11,-16,6,23,42,5,-17,-13,-19,39,-10,-9,32,21,32,-4,49,-1,12,39,19,40,-12
31,-15,43,4,40,18,-18,-17,-6,25,-13,21,40,-7,48,18,10,-7,-4,6,12,44,36,33,-15,40,33,-8,49,-8,14,36,17,-12,19,32,-14,39,8,32,24,-17,38,-11,37,34,43,-13,-4,5,35,-16,-17,7,20,36,-5,10,45,20,31,-13
-1,36,-16,10,-11,15,15,-15,14,-8,4,-3,43,25,44,45,41,39,-11,-8,0,-3,-8,14,35,11,-5,6,10,37,-10,-16,-4,-9,-4,39,20,-11,41,30,-19,-5,30,-3,-16,1,7,-13,43,0,48,22,47,9,-10,36,6,-8,-15,3,-14,36
2,-7,-11,34,-6,44,46,-15,39,20,20,31,-8,-10,46,39,7,-2,-14,28,-3,-8,42,10,47,1,38,-7,41,-7,-5,-14,11,47,-8,-11,39,35,29,49,13,45,-15,-8,40,22,45,14,-11,48,33,40,37,5,35,27,46,47,45,6,-4,16
39,15,-15,34,-17,-8,3,43,-10,42,38,41,-5,34,-19,47,-8,14,20,-2,-11,24,-2,-15,43,43,38,24,9,38,12,35,0,-9,-19,15,-12,-15,26,-7,-9,48,47,19,21,44,32,13,38,18,44,14,24,34,4,-19,35,42,-13,46,38,0
-7,45,1,33,49,12,-5,-8,48,20,-12,42,30,-10,43,33,-13,40,-19,47,-3,4,37,27,-11,25,40,1,38,18,24,-4,-17,47,31,4,14,39,0,42,-12,-1,4,48,16,-10,34,37,1,-16,-14,47,-11,46,-17,-8,36,34,31,45,-3,29
47,22,32,18,11,41,2,-8,28,-7,-15,31,49,-9,-15,18,42,-2,28,41,38,41,-15,-1,-17,13,37,8,22,-9,36,46,21,45,35,8,-13,9,-7,-5,13,-12,-6,-15,47,34,11,-9,19,31,49,27,-4,-2,22,39,28,35,27,-9,39,-18
-11,-3,38,3,18,-2,4,44,39,43,-13,-8,13,40,5,-2,27,-19,37,21,4,47,-2,32,43,-18,44,6,17,34,16,-9,18,-19,-1,21,10,-11,-7,45,30,-13,16,41,1,44,-10,-14,33,33,-9,27,38,47,37,49,27,46,36,-1,48,23
-11,46,33,40,13,38,37,-3,40,7,17,-5,2,-15,38,35,40,7,-6,-15,-16,49,32,-14,33,21,-16,1,-3,8,-7,30,-16,21,-15,5,40,6,34,-13,41,22,47,38,10,37,-3,46,35,41,49,-9,-11,43,-4,-9,31,-8,-12,22,-13,-4
2,35,5,48,-12,22,34,33,42,26,-2,45,49,12,-3,-5,47,21,-2,12,-15,34,-1,8,37,37,9,-14,-10,19,-19,8,6,-13,-7,28,47,-18,33,2,39,-4,34,42,29,45,2,45,5,41,14,39,-16,4,5,32,38,18,21,-2,35,36
-18,-3,3,46,9,-18,-3,30,40,17,27,-7,-14,27,32,14,-19,-16,31,19,47,2,-14,43,28,41,28,-1,29,-2,-13,7,37,48,-1,-2,37,34,39,25,5,-5,42,47,39,-14,23,34,34,-6,-9,29,-9,15,-15,-4,40,-13,19,39,49,42
38,25,42,-14,-19,33,-11,-7,14,44,-16,33,35,28,-4,15,22,36,33,30,7,-3,-8,15,-5,49,23,47,-11,34,48,24,31,-15,-18,15,-16,6,-3,49,44,33,21,47,-7,4,37,-14,-18,33,-9,32,-5,-8,38,27,-8,-15,31,25,44,38
36,30,41,21,32,30,-19,-12,-16,6,47,39,-13,43,48,23,19,-9,-17,45,29,49,37,31,-18,32,44,25,41,27,-7,3,-8,45,15,46,32,22,37,16,8,32,-17,30,-17,-5,-4,0,6,-1,-4,-12,10,49,43,12,-7,28,42,11,-10,9
3,-9,39,12,-8,-14,35,31,-16,6,44,47,-8,39,16,45,8,49,39,5,8,32,49,-16,4,35,42,38,43,16,45,21,-9,23,44,-18,-9,2,48,8,45,12,36,29,47,13,41,45,27,-17,40,26,27,-2,-12,12,42,3,-17,17,-14,34
43,7,-12,21,43,0,49,26,42,34,31,4,12,38,45,49,29,39,22,-16,42,-2,29,34,29,46,28,40,31,16,21,-2,47,18,45,-19,48,11,44,-3,4,-6,36,-6,-6,-13,-3,16,44,18,-13,-14,-13,-15,-18,22,-11,32,6,-1,23,-19
6,-18,29,-15,23,46,-6,26,38,33,26,-1,-6,-4,-6,-4,25,-15,-3,24,39,-8,30,44,4,47,-14,41,29,-14,19,-9,15,45,49,41,-6,-9,-10,45,23,31,4,-14,37,21,27,-11,46,31,9,47,38,25,-9,-7,49,6,38,0,11,49
-5,12,21,-10,44,-6,19,-13,10,-11,20,-7,-4,-18,-15,2,18,34,34,-13,31,-4,29,-8,47,-15,-7,4,41,3,37,17,33,34,31,29,18,41,32,-4,19,39,19,-16,46,43,-15,26,10,-17,28,32,-18,32,38,-15,37,21,25,-6,-11,41
8,36,3,-6,45,41,-15,10,18,-16,-4,-5,-2,6,12,-5,-10,43,-1,5,1,-15,-3,48,6,-5,1,-8,43,14,26,-1,6,-14,-12,18,-13,43,-1,46,7,43,42,29,-16,-16,23,49,-7,9,12,-15,41,28,-16,48,-7,38,-5,-13,29,46
35,23,40,15,29,39,-15,-19,37,0,-4,34,-7,-6,38,16,46,22,31,-4,37,46,1,-6,-7,-12,-18,-12,13,-11,28,-18,-13,23,-17,41,-4,8,5,-1,43,33,24,-16,-2,18,37,-15,49,15,-7,39,1,-14,17,-19,2,47,6,42,-19,29
-1,7,29,31,-2,-1,19,-14,34,-5,38,-11,39,9,40,19,13,-7,24,49,9,-15,26,-18,4,-16,33,17,-3,-11,44,-10,49,25,12,-2,38,10,-15,35,39,31,-19,7,-19,49,-14,3,44,-2,-13,6,32,-5,15,47,-18,2,-2,3,19,49
-3,0,-17,14,-1,3,-17,-16,-15,37,31,19,35,23,34,15,-13,-3,16,34,36,31,29,34,8,33,-5,20,-5,24,-13,-15,-17,5,-16,42,22,34,48,-12,20,-15,48,25,-9,25,-9,-13,-10,6,42,7,46,6,-7,32,47,16,-17,-17,-16,-10
20,43,-15,32,15,-17,-12,-15,-1,-18,11,48,36,27,-14,-7,9,49,29,41,-15,35,-12,37,46,11,28,-12,31,-19,44,-6,36,44,-13,44,13,-16,17,-15,-12,22,-13,-4,-18,-4,-8,36,-12,42,39,41,3,40,24,-8,44,-9,-19,45,-19,44
1,38,-16,-15,13,-9,34,40,-1,5,49,-15,-12,25,-19,5,-12,23,-7,24,-5,-10,-10,-2,28,-5,-14,-9,33,-10,49,28,-11,26,6,-3,-9,3,-12,27,11,40,43,-7,7,-15,-2,12,6,-7,1,-10,-4,35,8,40,38,13,11,45,28,39
-12,9,-15,35,40,4,16,49,-5,37,9,48,-11,9,10,-15,-13,-8,24,-2,40,14,15,44,5,-3,31,40,-2,-4,46,22,-5,25,31,6,0,-1,43,12,16,-14,42,-14,32,17,24,-5,45,39,34,26,-19,2,-16,-1,-17,-17,-9,8,29,-10
-2,-1,18,-11,1,-6,-7,34,27,-1,28,-17,45,-9,-10,-7,37,13,0,-8,-13,-10,-15,-2,-7,25,29,33,-18,-6,1,45,28,-3,-2,-15,14,-6,23,48,-12,-17,7,-19,33,-17,42,29,30,44,17,-8,21,-10,37,-14,46,24,-17,-1,20,-6
47,-9,31,-16,22,-16,-16,23,35,43,34,49,-4,26,20,48,19,34,32,16,-6,-1,16,-13,37,10,-2,25,-10,-8,48,2,-12,11,35,-14,-18,9,-16,7,-13,-12,-7,-12,37,-9,-1,-6,34,-17,45,20,49,5,-15,-13,-15,-13,45,20,-12,41
47,-1,29,36,-7,-6,-19,-8,43,44,41,15,-2,15,39,16,42,0,37,37,-8,45,3,46,-1,7,49,13,-15,-1,5,47,5,-5,44,38,-9,-12,-1,-12,-7,-11,-16,21,-9,32,9,-3,-8,-2,-1,21,8,-7,24,46,33,-5,34,-3,36,-12
2,-2,32,-11,-3,-10,-12,-16,20,43,32,49,45,4,2,-9,30,-18,45,-14,7,-5,48,-10,-6,36,-15,-19,11,49,-11,45,44,-9,48,-2,7,33,18,-1,-4,23,0,-9,32,4,-18,-2,42,37,49,28,40,49,1,-14,47,-13,48,24,-9,39
-4,27,38,6,-14,-12,46,49,-1,3,4,-13,45,22,-7,47,0,-18,-7,42,5,-18,39,48,42,5,-9,30,5,38,32,37,41,1,-14,-17,42,-8,30,-6,43,49,-17,-11,33,22,47,32,-4,18,25,40,4,46,24,-6,37,24,20,42,13,-15
13,33,-5,-3,38,-13,10,-5,40,46,29,-5,-8,1,-10,-15,-8,29,-4,33,22,43,42,22,9,-7,41,39,-1,26,6,-8,4,46,22,42,-4,43,-1,20,-11,24,-1,45,-15,45,-2,36,-15,-11,2,33,12,-8,1,35,32,-12,27,-8,-15,15
43,5,5,-1,-1,2,-16,37,39,25,19,47,-15,21,49,-8,9,43,4,-17,27,40,-4,-17,4,-12,0,-6,-16,19,-2,44,32,42,16,-8,34,3,1,46,11,37,24,34,-5,25,-2,21,41,7,9,-15,-19,-11,46,30,49,11,41,12,-11,31
-17,-6,-7,40,13,-4,46,10,-4,18,43,-8,37,4,44,44,30,36,49,10,-2,-17,18,41,1,-8,12,-1,39,35,-1,39,3,-3,43,44,37,-7,31,13,48,31,-7,-16,27,-11,2,-1,42,27,-3,29,8,-10,42,17,-14,-19,32,4,41,6
23,33,-5,0,-3,-14,7,40,-12,26,2,46,14,-11,-2,38,5,-15,-17,5,36,-5,31,11,-8,-5,45,39,41,47,-2,19,34,-8,34,27,-19,17,46,30,-9,-18,36,11,-8,15,38,5,-14,-1,42,-5,11,47,45,-19,10,-12,-14,5,-11,11
34,-2,-6,-8,37,40,1,32,9,49,46,18,3,34,-4,20,20,-8,-3,13,28,41,14,-6,31,6,34,1,48,39,40,-12,11,47,-17,43,-1,41,39,32,43,-17,-2,35,24,-15,-2,-19,-14,39,5,-8,33,40,21,-6,32,20,0,49,-19,27
21,-8,25,49,11,45,0,47,20,32,44,46,33,44,49,30,34,-6,32,41,28,-10,-13,36,29,-19,6,47,7,44,24,-14,-4,47,17,43,49,30,-15,28,-7,-9,31,45,13,-9,36,36,-11,0,27,44,-2,48,42,17,8,-7,42,27,42,49
11,-5,14,-16,-14,28,-5,9,47,41,40,-4,-14,40,13,43,19,-2,-3,13,49,-4,19,33,-10,24,17,-10,-18,37,2,45,-2,-7,43,3,47,14,-7,0,19,41,37,23,31,49,45,-17,34,-8,34,38,-11,2,-3,30,36,-14,-17,-9,-1,41
32,-7,3,-16,19,-6,33,42,2,43,28,49,4,-18,-2,45,-5,20,39,2,34,32,34,-9,40,-13,41,32,-4,-15,20,43,31,-15,43,42,1,35,11,49,41,33,37,42,-10,5,33,8,47,8,43,25,36,19,2,44,49,32,-16,-14,40,42
-18,11,-10,2,29,35,-1,19,38,42,12,-9,-10,24,23,-9,40,47,-10,46,37,47,-12,-12,-8,47,34,-1,41,27,21,32,-13,12,-19,41,37,29,42,25,-9,39,-13,-4,-2,-6,-2,38,35,8,-10,14,44,39,4,-7,27,44,-4,11,40,-7
27,-9,23,-7,33,6,-7,35,35,29,33,46,45,2,34,12,-17,-2,34,26,4,35,-11,7,-3,-2,-6,30,-19,-16,38,28,-13,-13,33,44,43,28,42,17,-16,-4,-9,11,43,20,19,37,33,49,45,48,32,8,37,-8,40,28,-6,20,38,1
22,36,-13,15,-1,45,-10,-8,36,-4,-3,46,42,32,-14,39,-11,-17,46,41,31,-17,14,43,40,40,0,-5,36,48,35,-18,18,40,34,-7,38,30,-11,24,-14,37,-16,21,47,-11,35,-13,43,5,-5,8,-16,11,-5,22,9,-19,26,35,46,48
32,0,-7,25,31,19,4,-9,-6,39,34,9,-15,43,-18,-6,-7,-18,47,-15,37,-5,-10,10,18,38,19,36,-2,16,36,32,46,48,17,32,42,21,48,-12,40,2,32,-16,18,-11,32,25,26,42,29,-1,48,14,8,-4,-7,49,4,-13,-19,28
46,17,46,-5,25,-11,16,-7,-16,41,-7,1,-19,22,41,48,39,-17,32,28,-14,7,45,46,38,-12,45,37,-7,11,33,44,-7,-11,46,-7,-1,-11,48,-16,-3,44,2,-11,18,41,46,34,-7,-17,7,-18,49,-1,47,21,40,-6,38,16,48,15
-2,-3,-5,-7,-18,44,-14,29,-5,33,11,-15,31,41,40,7,-16,14,-10,-4,41,45,46,-12,-16,-2,35,18,39,42,41,12,-6,43,-12,33,38,-9,32,-15,8,35,24,-19,22,-9,14,-14,-3,35,-13,-1,18,-1,31,-4,4,-9,-8,4,41,38
21,-7,2,46,-3,-9,-4,46,-5,48,24,-17,34,12,40,16,4,35,-3,-15,45,48,14,-19,-3,13,39,42,-16,11,35,17,35,30,32,5,-19,-5,8,48,-12,-2,-14,2,49,-3,20,-9,-7,-6,-5,43,-8,22,2,-1,48,45,3,34,37,37
48,21,1,39,43,-11,-8,39,20,43,30,40,45,1,-14,42,25,-17,43,41,-18,44,48,48,37,19,-3,14,45,5,-14,18,44,15,46,49,-11,6,36,20,43,10,-13,8,42,-18,-12,12,-2,11,34,14,-17,23,43,30,-1,49,-1,3,-6,-14
22,35,27,43,24,42,-9,5,39,-15,35,46,0,-8,9,-11,30,44,12,-15,48,45,20,-15,13,46,21,42,34,18,14,45,-13,-19,30,34,35,-4,47,16,15,-3,-7,-17,33,5,17,42,46,0,33,42,28,-6,-1,7,11,48,6,45,23,34
-12,15,-4,-1,38,-3,15,-4,28,-11,-16,44,-13,24,41,-17,48,26,-7,6,45,43,-19,-18,5,32,0,49,43,37,-1,-2,-9,15,-3,38,-18,7,39,4,-9,13,16,40,26,-10,-2,7,-3,16,16,-11,12,-11,29,-5,-14,24,1,38,-2,21
39,10,41,-9,-8,30,36,31,28,34,19,49,-2,25,17,46,-1,-7,-14,3,48,4,49,25,46,-1,37,-13,25,45,39,35,31,8,-11,10,9,-11,-15,36,22,-8,22,44,-17,46,38,4,-9,-19,9,-17,-15,-14,-1,10,7,-4,-17,-1,-13,13
-12,26,-6,26,17,-5,22,-4,35,-8,18,31,-19,32,29,37,-5,9,41,-14,44,11,12,46,34,21,20,-3,-8,34,40,32,40,24,-11,-18,-1,0,17,46,-4,21,36,46,35,11,42,45,10,49,43,35,6,45,15,39,-16,39,45,42,32,47
-16,-6,34,46,11,32,-5,-5,-18,35,37,-9,-2,10,-12,42,2,-11,-18,48,49,18,37,46,24,-3,33,17,39,48,-12,20,6,-2,-14,-9,-12,2,36,0,49,-1,-19,7,15,43,48,-15,-9,34,-6,-3,-18,-13,44,-16,-17,18,14,48,-19,12
21,-1,35,11,-8,26,38,23,-11,30,41,26,-4,38,47,44,40,10,49,32,48,-17,8,49,33,-5,14,-8,-5,17,-16,13,37,-4,35,-14,-10,-15,34,-17,47,-9,48,-14,-11,29,40,6,47,3,15,31,16,-15,31,-10,43,-6,39,35,22,43
47,-13,39,49,16,-14,40,23,-8,20,38,49,8,32,-7,46,41,-12,23,-14,-5,14,36,-4,1,34,-6,37,-2,49,21,48,-14,13,29,-13,16,49,35,-3,-7,35,-10,48,20,44,27,-12,10,-7,37,18,-7,19,34,16,6,40,-10,14,3,39
8,-6,10,-13,-16,3,-12,24,10,37,33,-13,26,36,-14,27,-2,27,-17,38,49,1,-13,48,8,-4,42,-2,43,14,32,37,38,-17,16,-7,36,38,-5,-12,14,-5,16,31,46,46,47,22,-1,24,-4,-9,34,14,-14,5,47,47,-18,17,5,40
47,-12,48,49,-1,38,34,11,1,34,21,36,-3,22,46,20,-9,9,35,1,-10,16,-13,16,-13,34,16,37,32,-5,9,49,33,18,49,41,7,37,46,27,34,-2,-6,-7,45,36,-14,19,26,49,9,-18,33,25,2,-8,-1,4,-4,43,19,40
5,40,39,-18,2,-8,22,37,17,40,16,37,43,26,2,-11,16,44,-12,33,-3,37,5,-4,24,-3,35,16,46,-9,37,43,38,46,17,-5,18,-6,-11,0,39,7,-5,13,12,35,-16,-3,43,-6,42,19,-13,-13,26,-19,33,-11,43,40,29,44
-17,40,6,46,37,48,31,-16,24,-10,-6,14,47,46,-18,11,-18,-8,29,41,38,2,27,-15,47,38,6,32,-7,-6,-7,42,48,-19,-1,-12,-8,-2,40,13,46,24,-13,20,43,-2,37,9,46,45,10,-4,-9,-16,21,-16,2,35,0,44,41,11
-1,33,-4,14,-1,34,-18,41,-3,43,-4,37,49,17,40,29,48,20,-10,37,49,-19,-15,-4,29,44,39,22,-19,-15,44,26,48,-6,42,-9,0,-9,10,-19,41,31,38,25,16,-2,26,-19,4,-13,-16,21,47,18,-13,20,5,42,-7,42,30,-6
1,-14,44,-5,8,-7,-16,25,42,-5,-3,10,34,36,7,-10,15,-5,31,33,2,37,46,-11,37,26,-9,35,-13,-18,-9,32,41,15,-13,-18,12,37,-7,-18,-19,15,48,-11,39,1,-10,43,-13,19,9,-3,-17,30,22,-3,49,-9,39,-4,-10,36
-14,-10,18,47,45,-16,-6,49,31,38,-9,49,-19,6,28,34,4,46,7,-6,43,7,15,39,-12,9,36,-2,38,10,31,31,22,40,32,43,-19,42,49,21,44,-13,-13,43,-11,35,5,34,3,34,10,-7,-14,-1,49,39,42,48,27,45,16,-19
16,45,1,43,12,-13,48,20,12,-11,49,16,49,33,12,31,29,43,-17,-10,35,24,37,3,35,15,-2,33,-15,-6,-5,29,47,16,29,-18,-18,39,16,-1,-16,-2,-15,26,-13,42,30,-19,47,48,-2,-8,-15,49,41,2,-7,-7,13,-3,31,-16
36,0,-1,2,47,27,1,-17,-11,39,43,43,-13,-2,23,-16,-1,-9,33,47,36,13,-7,48,8,-11,-1,-19,32,21,35,-16,27,-6,20,-6,33,-15,5,35,-6,8,34,-8,30,-12,18,33,39,49,35,39,-17,34,38,22,3,31,47,-13,-1,5
22,-18,24,-14,36,8,15,-19,22,47,38,26,3,38,8,-15,25,-2,7,43,43,31,43,15,33,-11,37,44,40,-15,3,34,32,35,-4,48,15,37,11,47,-9,26,48,29,39,32,-6,30,-1,49,43,35,14,-9,22,47,16,-17,-13,-2,-16,1
-3,48,47,-11,34,13,-16,33,36,-1,-5,13,20,-13,14,43,3,40,32,-14,44,45,43,30,-4,36,27,-8,23,-8,9,34,-10,22,-1,26,5,40,44,1,33,24,-16,46,24,33,4,-10,-14,44,41,25,9,41,25,35,-4,-12,43,39,-2,-11
37,-12,-8,13,43,26,-4,6,17,43,-15,12,22,-13,33,-1,-6,23,38,24,32,27,33,-3,48,17,43,21,-2,3,-8,46,31,5,-6,21,23,43,-7,36,20,-4,49,-15,-3,4,-3,49,41,29,-2,-17,38,15,4,-15,39,-17,-9,43,-2,20
-5,25,-2,12,7,-14,38,12,23,40,33,14,11,-14,-7,38,-11,33,3,-17,11,46,48,21,44,25,36,-15,47,-3,42,46,19,-5,15,32,40,22,0,34,42,-4,45,23,38,44,49,41,35,15,-1,31,12,46,-12,42,49,31,44,8,41,3
40,29,33,28,-6,-10,38,29,-9,4,47,42,22,-9,16,37,45,32,25,-4,1,34,16,-8,2,35,5,31,25,-18,33,9,3,48,29,47,43,49,39,-5,-13,1,49,33,-2,13,-18,1,-13,7,-7,19,30,33,-5,49,47,21,2,49,-3,-6
9,33,47,23,-9,-10,31,34,-8,-1,5,-9,33,-12,-17,19,30,-9,9,-19,15,-9,42,25,45,8,-3,-16,32,-1,31,2,31,48,34,16,14,48,4,-13,37,10,5,35,35,7,35,16,22,35,22,-19,39,-2,8,48,39,-9,-16,-14,21,-14
42,-1,40,25,27,-7,-1,-5,44,30,47,-19,11,-2,-15,-4,43,10,-12,37,44,-18,12,34,-17,26,13,-16,26,32,5,-5,20,-17,44,-16,42,30,41,41,45,30,41,0,33,7,6,42,-3,-1,-9,43,-16,-5,37,36,11,-9,36,30,-9,32
40,45,42,43,26,-19,25,-3,-5,14,46,47,43,-13,48,19,-12,-1,11,-11,35,-13,-12,47,10,-11,40,10,-12,40,-7,-10,8,-5,33,-15,-13,48,38,8,-14,1,-11,30,46,-11,24,-15,18,-11,-16,11,0,-7,34,32,-13,39,-2,1,22,46
8,45,8,44,10,40,-19,33,16,-16,-18,-9,-13,8,-17,-10,7,-7,18,-11,-5,2,43,-7,29,49,-3,-7,-15,3,-9,13,48,49,-2,39,45,-4,22,-10,10,39,31,-2,-11,17,43,-15,4,-2,29,48,6,31,-3,19,-14,-6,-17,21,24,-9
48,39,-8,28,-13,5,-1,45,-17,-11,33,-11,-16,-5,-19,44,-9,3,-16,-11,-13,-12,33,35,-3,6,9,45,-6,-17,47,28,-6,41,-5,45,42,19,39,40,36,21,25,-2,33,8,-14,3,38,-1,4,-11,28,42,27,33,-16,26,-3,43,48,35
40,42,19,34,6,31,49,2,31,21,8,32,26,-14,6,-3,46,11,32,3,45,47,40,0,40,36,-15,21,-11,42,40,6,46,-17,4,45,-16,29,-16,-16,-16,14,-1,25,2,31,32,4,14,-3,42,17,40,37,33,16,26,-1,40,-13,-7,4
47,25,31,47,-14,-17,34,32,2,45,25,-15,2,-7,25,45,-18,31,2,-1,-8,0,36,36,30,-17,49,21,-8,-16,38,-3,38,8,-17,-1,-7,-2,27,-19,13,-13,-18,40,44,14,27,33,18,-7,-8,-10,36,-10,44,18,-2,-8,44,43,7,-7
-13,15,45,32,13,40,-4,26,23,37,-13,19,5,42,-11,47,-8,-3,0,-17,-11,37,-1,-5,-13,-19,20,-8,9,45,-9,40,4,35,-13,19,42,15,45,-2,4,34,45,4,-3,27,8,45,-15,-19,-6,49,-15,16,-8,36,9,-8,43,-16,32,1
31,16,42,-10,-14,2,25,-3,48,24,31,49,29,-13,41,25,31,12,-9,33,28,38,30,-14,40,14,3,-10,48,5,45,15,13,-3,-5,7,-8,16,-13,-1,10,45,-11,12,18,37,-6,28,42,24,9,-8,42,45,1,-15,34,-11,46,45,47,9
36,6,-10,45,-7,28,-7,27,18,-4,21,41,-9,3,37,5,16,35,8,41,22,-19,37,38,-15,-10,-3,-14,-8,-19,-10,-6,-14,18,4,49,25,48,49,-16,-18,12,-4,-9,-7,35,32,-15,23,38,40,1,-2,3,49,38,8,42,-19,-10,17,-19
-5,-12,38,32,31,30,-1,-13,-11,29,34,5,43,10,-3,4,-4,23,40,-3,26,-4,0,31,38,29,10,49,23,-6,44,39,-4,10,45,15,31,11,46,37,-16,23,45,19,42,25,38,36,32,2,30,-16,42,-16,10,33,-10,-1,22,-17,6,33
39,-19,-16,11,-19,-11,21,41,6,36,31,7,-1,47,-14,-14,-14,14,-17,42,41,38,-4,18,34,-17,-12,14,-4,45,-14,-15,-12,41,15,40,40,15,38,23,35,21,38,41,41,46,1,-16,13,-4,3,48,30,-14,-13,44,-5,33,33,41,6,-1
-6,-18,38,37,20,45,43,49,-15,18,-4,43,-2,4,22,-9,-13,34,-6,36,35,23,1,-6,-13,22,26,-10,-8,34,45,30,-10,34,37,-5,46,25,-5,16,7,-1,-16,44,-5,1,-18,38,-7,22,35,37,-8,26,37,45,-14,-16,-14,37,14,46
6,38,39,10,-10,39,4,38,21,-13,14,-1,32,42,9,-7,7,-19,-4,10,-9,22,-4,25,-15,34,25,45,-18,47,11,44,24,38,-7,-9,24,40,44,24,36,-7,32,12,-12,-12,41,4,40,13,6,42,7,-9,-15,24,-9,15,2,-9,43,9
-12,35,-10,23,18,34,48,-11,16,-1,23,-7,43,19,-19,1,5,-17,-3,10,-18,21,14,-7,27,43,-7,49,-6,48,37,36,40,-4,7,44,49,27,23,49,16,-8,19,-18,41,6,8,31,-16,26,39,45,-4,-7,-17,-5,14,47,-12,23,-13,3
40,4,-14,-18,27,-5,33,21,30,32,-9,-11,44,41,35,13,43,39,-9,4,18,38,48,34,43,-19,47,41,-14,45,10,-14,-17,22,-17,31,24,-8,-8,-17,15,47,45,29,-6,26,-1,29,23,44,38,-3,-3,0,41,2,31,11,48,30,36,22
16,38,-9,22,7,-14,-9,7,41,-9,44,1,47,47,45,44,-2,14,48,43,-1,34,22,40,3,-6,3,-17,8,-5,-12,26,37,45,-18,-18,10,-7,11,-18,40,-5,32,21,33,27,-4,39,-17,13,19,36,-18,41,46,13,48,6,37,49,49,5
35,0,37,28,38,-4,45,33,44,-4,-9,48,-9,41,27,43,42,10,27,-9,45,39,42,11,17,39,39,40,-7,25,14,-3,5,44,-8,40,44,20,44,26,0,47,45,18,43,-3,-18,17,-16,31,9,36,23,45,39,39,-19,17,28,44,-9,-5
37,28,33,25,-6,0,-5,34,46,22,23,34,-19,22,-9,1,-18,37,31,11,26,42,36,22,34,-1,11,42,22,44,38,-1,39,31,-5,13,-7,32,20,40,-17,13,-13,26,27,42,38,33,37,28,40,-17,37,44,25,-18,34,7,37,36,1,-17
46,-9,48,38,49,0,33,2,23,-7,40,1,-1,-18,25,-11,-2,10,-5,32,2,41,26,35,-16,27,-8,17,34,17,10,-14,-12,-9,25,-6,36,31,29,41,22,36,-2,-7,36,9,-5,41,-17,23,43,4,-15,39,3,-9,34,12,39,-11,44,42
26,-12,8,-6,47,38,8,35,-3,-7,27,-12,-16,-9,18,48,-3,-10,-17,8,-15,-12,-12,34,-14,43,25,-9,35,17,-15,7,23,45,47,40,5,43,-18,18,43,36,47,35,-15,1,-16,-17,39,-10,45,8,-7,41,33,35,-10,12,-3,41,36,-8
38,9,39,43,11,36,-14,-15,27,-3,13,-8,21,33,42,22,12,31,-11,12,-4,16,31,2,-18,-4,16,48,-2,35,12,31,-12,-16,-14,15,40,-5,-16,19,24,45,12,-4,36,17,37,-7,38,23,2,-6,-12,20,37,-10,0,-15,-11,-2,18,-10
-14,6,34,8,-5,47,48,-17,6,35,45,8,39,-1,49,32,-14,19,-11,31,-16,6,-19,26,31,4,15,47,-13,9,-7,9,13,-15,37,28,-10,25,27,-18,-17,27,45,-10,42,23,-16,31,6,39,-7,24,10,-6,23,-5,-11,21,39,33,19,-16
49,17,14,43,17,38,-10,49,9,-12,43,24,-12,11,4,-7,28,-4,35,20,-5,35,30,42,41,22,20,-6,42,39,-5,-1,27,-16,19,-3,44,-9,20,-13,41,29,47,37,36,28,26,34,-16,45,-18,32,-18,7,14,-9,-19,32,42,-15,-1,0
26,31,-14,0,-11,-7,2,41,16,-14,34,48,-15,-3,33,8,-9,5,-2,32,-17,-17,4,37,-8,46,23,46,36,-6,-7,15,-11,26,47,-13,29,-1,46,47,-12,-8,-19,-1,40,-12,4,-14,-8,21,3,42,25,-16,16,36,44,47,28,-16,0,33
-19,42,8,-5,-7,-9,38,24,38,-5,16,39,13,-13,-11,-11,32,-12,-4,0,-18,-16,-3,-3,-8,-4,2,36,43,43,-5,29,-15,13,-2,8,-18,16,-9,34,-8,-7,-8,-17,-17,34,14,-3,40,4,43,21,38,27,22,-1,35,27,-6,42,13,-5
-17,19,21,-17,4,-9,-6,30,-2,16,-19,-17,43,22,48,1,-2,6,-19,-4,10,45,0,-14,18,-1,35,0,40,-5,25,49,46,39,-18,-14,-16,-12,40,-2,-16,29,-14,40,-14,-8,27,39,29,-15,-7,-16,-4,-4,-12,42,19,39,45,11,-2,27
48,29,44,34,-4,23,9,-13,-9,28,26,39,-18,31,-16,-8,-5,-11,44,-2,43,12,-5,13,20,37,-5,26,32,23,33,-7,38,20,41,33,0,46,-5,-7,41,-5,38,43,1,-1,-1,-11,23,39,4,-4,48,-15,14,34,7,-19,-15,11,-8,45
20,-1,-16,27,11,48,-16,3,27,45,-19,10,-12,31,23,46,29,42,44,-10,39,20,6,40,7,-18,24,-2,30,-15,1,-5,-8,26,24,-15,49,35,47,25,5,-13,12,45,16,-2,18,-13,21,34,10,-17,-8,0,35,46,-12,7,-1,21,48,19
-10,-7,-12,7,12,44,-18,-18,3,46,31,43,-5,-9,33,41,-16,16,-10,41,48,-12,-10,-13,-13,0,-1,11,-6,-18,36,34,36,-1,31,7,-9,23,43,-6,36,1,25,-15,45,2,-6,-16,45,21,31,22,-7,37,39,19,7,-12,33,-6,41,22
-10,18,38,16,15,41,-3,21,-12,-18,-4,14,9,46,-2,46,46,6,42,-19,3,45,12,-14,-13,39,-18,29,39,45,-7,42,41,-4,1,-9,22,-9,9,-10,-10,2,31,46,-17,15,-10,47,40,13,-17,-9,37,38,48,22,-16,12,-8,22,-4,10
40,21,11,-4,-19,27,35,22,-8,7,40,2,-8,17,34,-1,48,48,-3,40,-10,25,30,42,-18,26,4,41,34,20,-8,13,9,-13,28,-13,42,42,-7,-8,47,21,34,-8,-8,-13,8,-13,43,4,23,-10,43,47,39,6,-18,6,3,33,42,23
39,15,-17,33,32,21,-2,21,24,48,3,42,49,10,21,-6,37,-5,-6,43,-16,43,33,14,46,-9,42,-6,-17,-5,-6,13,48,44,1,-13,10,-4,32,8,10,-9,35,-2,34,-2,30,-4,-19,36,-8,46,-6,28,49,43,6,38,49,-17,41,-13
39,2,33,29,0,-9,12,-13,31,30,2,-4,33,-8,-18,8,44,14,-2,9,47,-14,24,46,-17,15,-19,-12,6,-4,4,44,40,32,-14,-10,35,-17,19,-18,-10,-5,28,-10,-16,23,22,-19,-13,-12,-2,8,28,-15,35,-8,42,7,-16,38,10,-19
6,34,24,31,37,7,-14,1,37,38,42,7,8,-13,34,21,-10,22,47,45,17,40,-8,14,26,45,-11,14,-12,23,-18,-16,7,39,-9,38,27,-19,-3,-17,-11,8,-10,15,24,-3,15,-8,-13,14,21,49,-6,42,8,-14,-1,-2,43,18,-13,42
