barbarian_0_x,barbarian_0_y,barbarian_1_x,barbarian_1_y,barbarian_2_x,barbarian_2_y,barbarian_3_x,barbarian_3_y,barbarian_4_x,barbarian_4_y,barbarian_5_x,barbarian_5_y,barbarian_6_x,barbarian_6_y,barbarian_7_x,barbarian_7_y,barbarian_8_x,barbarian_8_y,barbarian_9_x,barbarian_9_y,archer_0_x,archer_0_y,archer_1_x,archer_1_y,archer_2_x,archer_2_y,archer_3_x,archer_3_y,archer_4_x,archer_4_y,archer_5_x,archer_5_y,archer_6_x,archer_6_y,archer_7_x,archer_7_y,archer_8_x,archer_8_y,archer_9_x,archer_9_y,giant_0_x,giant_0_y,giant_1_x,giant_1_y,giant_2_x,giant_2_y
-11,7,45,34,12,-5,45,-16,-4,17,-11,22,45,0,-13,17,-3,-13,-3,31,31,30,43,-6,-19,3,40,12,31,35,-1,40,-11,-3,-4,37,27,37,16,36,41,40,36,-20,32,-6
-9,-13,-17,7,38,17,-3,-14,2,39,47,40,28,-10,-12,30,35,22,13,39,-8,31,47,-1,46,38,39,21,47,-4,36,15,-5,-20,43,28,35,-5,30,19,-18,5,43,46,-5,-20
38,6,-2,-2,-19,18,43,-7,41,-20,-4,14,-6,-5,0,46,-10,47,-3,-13,-2,-14,-16,8,0,32,15,-4,28,-12,-14,20,24,-12,3,-13,44,33,-4,44,33,-17,7,34,18,33
34,-10,29,-19,35,45,-3,34,30,-13,39,19,47,37,16,-18,15,-3,-8,15,38,-17,-3,-16,43,41,38,37,-8,30,2,-6,43,-20,-19,24,-17,43,-11,-6,-10,27,21,40,23,40
-18,43,-5,42,-2,4,16,-5,-12,31,33,41,-14,-7,31,-3,45,21,-6,-1,8,-18,-16,42,43,22,43,21,33,47,14,45,29,46,13,37,-19,22,-13,34,25,32,42,27,44,25
-2,24,-9,23,-3,37,31,37,42,-12,-14,1,13,37,-6,-18,18,-18,-6,-4,7,-6,-13,41,-1,31,31,13,11,-5,30,33,5,37,14,34,-3,-16,32,40,39,37,-4,30,25,42
-20,32,28,30,41,-17,25,-10,-19,37,-2,12,46,45,33,32,-16,-18,-13,25,-6,14,4,47,45,33,34,42,27,-10,38,45,29,47,-15,-10,43,2,38,-4,44,-5,31,17,22,29
20,46,-8,17,-10,-17,-7,4,9,44,45,1,36,32,28,-7,21,-14,31,8,37,24,44,19,47,-7,36,-16,45,43,26,-17,17,-16,-6,15,46,43,-9,37,-4,-18,6,45,43,-18
36,-13,-19,3,-15,30,22,-13,-15,38,-12,-19,3,44,30,22,46,37,-2,38,-11,-17,-5,14,30,41,37,45,-9,-12,47,-7,42,40,17,39,34,7,-11,9,30,-19,-7,45,-3,8
17,34,44,30,-17,46,-7,29,27,40,-9,37,43,11,-10,10,6,-12,-4,-18,18,36,47,41,12,-20,34,-7,33,32,17,42,1,33,32,11,-20,-10,-16,-7,-5,36,-3,-8,-14,-16
29,-11,-17,47,30,-10,39,35,36,33,42,9,44,21,42,-6,33,28,-7,17,41,43,-6,7,-13,35,-14,-8,43,42,-15,20,-7,36,17,45,39,32,-16,26,35,43,41,-11,26,47
-10,31,30,-14,-5,0,-12,9,-20,37,4,-14,-20,-7,-8,-8,-17,35,35,35,-10,27,30,-7,30,-3,-1,47,33,-17,47,-14,37,31,43,38,5,43,-16,36,-8,-2,34,-2,8,32
47,28,32,37,-13,38,-6,-8,24,-7,34,8,47,4,-17,38,3,41,45,36,43,37,46,13,35,-12,24,36,-12,20,38,40,46,-16,2,42,34,11,-6,47,42,32,-8,17,35,-18
25,-16,31,12,-15,26,3,-10,-6,38,-6,-19,40,40,-17,46,35,21,-18,45,-16,44,-18,47,26,41,33,-2,24,-20,3,-14,0,-15,12,-14,44,-5,19,-3,-16,-19,-7,-9,35,-15
29,39,-1,-5,-13,34,-20,-8,-15,-11,44,29,30,4,-6,29,25,35,0,44,42,16,29,-20,3,31,-14,-6,45,-10,42,-15,35,7,15,-18,-16,-16,-3,39,39,-18,44,2,13,-18
45,14,36,2,11,46,30,16,-16,-17,0,-17,-1,-18,21,-6,18,44,46,-15,-19,-11,-4,-20,13,-15,-6,25,32,-18,30,14,20,41,41,-2,-11,-5,-12,-4,-20,47,-17,-15,27,-15
-9,47,-10,45,-2,-19,-4,-5,32,46,32,18,44,-1,32,41,33,0,41,26,42,-3,-20,34,38,-13,-12,1,-13,7,43,-12,-10,35,-12,20,32,42,-16,33,-6,14,38,-14,29,-16
-19,-12,31,20,29,47,-6,4,-14,1,26,-11,35,-12,19,-8,37,-5,-20,11,37,12,40,-19,13,-2,6,-4,-19,-4,-5,-2,-5,30,-9,-13,-9,7,6,-12,-1,-9,31,-13,-20,-7
-4,3,23,-20,27,32,39,-3,39,38,3,-18,2,29,34,16,25,-3,31,30,-11,33,30,-4,45,33,47,22,42,41,35,45,36,-4,-15,3,-2,30,23,37,9,47,33,-15,37,-13
-13,-11,8,46,-9,24,-19,41,46,45,19,-12,-14,-14,43,-12,14,-13,-2,30,-8,-18,37,37,33,-12,7,30,33,11,-13,43,-17,44,-9,21,9,-5,-12,47,-12,-10,46,45,3,-4
36,-14,-17,39,13,35,-17,44,-2,-12,19,32,32,-12,-8,40,5,-20,38,-13,-11,-6,-9,-20,18,32,47,-15,-2,-5,-3,-5,47,3,-14,-3,10,-18,35,33,31,-15,-15,19,-6,31
43,-8,-8,-17,17,35,-15,-8,22,-8,-11,35,-4,42,19,-7,-13,-18,-3,42,40,-7,-17,-6,-4,2,38,18,38,0,30,19,-7,31,44,-3,23,-14,34,-17,10,42,39,28,-4,5
42,2,16,40,-13,-6,-12,31,37,41,29,-7,-9,32,-20,32,-11,34,21,42,41,28,-15,-6,37,25,23,40,-5,-8,-4,47,-2,-2,42,-11,22,47,10,-9,35,12,-19,40,8,47
-4,7,-3,-17,1,33,29,-14,-16,36,24,46,-13,44,-8,46,42,-13,19,-5,37,-12,8,-7,35,-13,-6,40,32,-16,-6,-9,15,-12,33,-5,39,13,30,-3,-3,-2,-7,-10,40,13
-3,-15,-10,-13,34,11,29,40,-2,26,45,45,36,0,-11,23,30,30,29,31,13,37,33,28,-15,30,-8,44,-2,14,34,36,47,31,-2,41,-6,-19,6,-2,-16,-4,34,37,-13,-10
37,-2,-13,-9,41,33,-10,-1,-11,-20,47,29,12,-5,9,43,-6,0,43,-8,-11,13,-19,20,-19,-14,39,38,41,-11,33,31,-8,-20,-17,29,-10,6,1,42,-10,18,35,-12,-15,-17
-13,33,41,-18,38,31,24,-11,-16,30,24,33,11,-18,39,30,35,-16,44,38,-9,46,41,31,-7,-12,40,17,19,42,-11,26,47,-2,5,41,-14,44,-17,-14,-17,47,-2,9,-1,-7
0,30,45,4,25,47,37,23,14,41,34,16,21,-4,19,30,-17,-20,-18,11,-19,6,39,-12,33,46,-17,9,-8,-2,31,38,3,-7,30,-16,29,30,19,-12,23,42,36,33,31,-14
-3,43,23,-5,-8,21,-20,-16,43,32,-4,12,-4,35,1,42,44,-7,4,-20,-5,39,24,45,43,45,-20,33,30,0,34,46,-18,-1,-8,-6,16,-7,-3,39,46,35,-17,-7,-17,-7
-15,-16,33,38,-4,36,-20,-6,5,-5,30,0,31,19,-2,36,30,30,33,-6,-18,37,-15,19,2,-19,-8,38,3,-19,-2,-17,-9,-6,10,-15,-8,-18,38,-3,46,6,2,-16,-20,47
-1,-16,-1,31,43,38,32,23,-12,33,-14,-6,5,-10,40,29,-4,39,-3,-16,-19,32,42,40,37,11,33,-3,39,18,42,-18,-4,15,46,23,40,40,38,47,47,2,-13,30,5,-5
33,4,45,34,40,15,47,22,-15,-12,43,28,-4,-5,37,30,-3,11,27,46,-19,29,34,-16,-8,-20,12,-9,5,38,-12,18,-4,43,-4,7,-3,-19,-10,-4,-14,12,34,-15,19,-7
-3,45,2,-2,43,23,41,20,44,-13,38,17,-11,12,-13,-8,-2,-4,30,-13,41,45,-2,14,-15,-3,-13,38,30,18,33,-2,-14,5,45,30,38,-8,23,43,-11,-4,30,13,30,37
31,-18,40,-17,24,-7,-12,16,24,-11,43,-2,-13,-19,39,-3,-11,8,45,-14,40,10,-18,-12,8,-17,-20,37,30,5,18,45,-2,-3,1,45,-12,-6,46,-15,29,6,-7,30,43,-4
31,-19,22,-8,-3,3,40,22,-18,47,-17,21,46,-19,5,31,29,36,43,-15,39,34,30,-9,2,-5,33,45,47,-5,39,40,-13,-6,46,24,38,44,9,-20,29,10,-2,16,35,30
13,36,32,-9,19,46,-19,29,-6,-6,-20,36,1,-15,36,-14,-18,-5,31,-12,-20,8,35,-13,15,34,33,47,40,17,14,42,42,37,-1,32,42,-14,-2,-17,-20,10,2,-8,46,24
14,33,-12,-16,32,17,33,43,39,26,-19,45,-5,46,-4,22,-9,20,9,-5,3,-13,7,-10,-5,-11,42,-1,38,-9,42,-10,41,-7,32,34,25,-18,-2,28,46,43,38,-13,-20,14
44,44,30,37,35,42,15,38,43,43,44,24,-10,-20,-6,-14,8,-18,22,31,-6,22,27,39,-12,19,32,27,-2,8,9,35,-12,-20,-15,-6,33,5,39,20,-15,35,44,21,14,-8
44,32,37,42,40,15,-13,19,-2,6,-15,3,11,45,-16,3,-1,-18,43,-8,34,-3,36,-7,17,34,-14,-17,0,31,39,15,-3,-14,17,47,31,31,47,3,45,-20,27,-11,41,-16
32,33,32,46,-15,11,26,35,-16,46,-3,35,-3,33,38,42,39,44,40,31,-18,-15,5,-7,-16,-9,24,-7,30,16,-18,-4,24,-16,21,33,39,23,26,46,-4,7,-19,38,-17,-18
-16,42,43,-12,-18,32,35,43,41,-11,-9,31,29,1,-20,2,-12,-4,-19,-4,32,47,41,46,-10,1,46,47,46,41,25,-6,-11,47,35,37,36,-7,27,-20,-14,3,30,35,34,43
-16,-7,32,26,10,-4,7,-6,-3,34,-2,-6,45,-9,1,-13,-18,43,26,-7,-15,35,37,32,25,-6,40,13,29,41,6,-19,-20,3,34,-16,-14,20,27,47,28,32,29,-19,-12,38
15,34,23,-16,-20,1,-5,-3,42,-15,29,-14,34,40,-8,-5,29,37,-1,-4,47,32,37,39,-13,-8,7,38,-8,-10,30,25,41,-4,-9,-8,-13,20,-3,32,-8,32,-14,17,7,-7
-3,-12,9,46,4,-8,-17,8,-3,45,-3,-9,22,-14,32,15,-12,-12,-17,31,36,-12,-6,47,-6,-4,-17,40,-20,-13,43,-2,32,34,-16,33,38,44,34,15,40,30,41,1,-12,47
36,-20,-4,32,37,-18,-1,-17,41,-2,42,-18,39,-6,46,-10,43,44,-6,9,12,-14,-12,37,-17,42,36,17,0,-10,4,-16,0,-8,-3,-16,-13,-5,-20,31,42,20,16,41,18,-14
38,-20,-17,-3,20,41,31,15,37,41,-3,33,40,-18,28,-10,-2,-2,35,-15,-10,-15,41,30,-20,-2,-19,34,-16,22,10,-8,46,27,-10,33,43,42,-13,37,-18,44,-11,-18,36,42
33,-15,-7,-13,30,39,-17,43,17,-17,-12,16,36,-2,19,31,44,-19,3,30,41,39,44,-12,-12,-2,16,44,33,30,-12,-5,-2,28,20,-20,-5,44,40,33,22,-15,-19,9,36,33
-3,39,-2,30,-10,35,42,22,12,38,-16,-3,39,46,7,-6,4,-18,13,37,-3,26,-20,-13,-4,6,37,5,-7,-15,25,-7,-5,35,46,-13,25,-15,-14,36,-10,32,-12,-11,-12,15
-2,-12,-14,5,-14,28,-6,-18,28,39,-11,-10,33,20,12,-20,-20,-8,-7,41,46,-19,40,35,-11,15,41,38,-3,0,31,20,34,-7,-18,-20,36,30,-17,-3,-6,-3,-13,23,33,43
-12,-14,-4,-12,35,-20,23,40,20,32,44,2,2,-16,30,-10,0,-8,21,34,-1,-10,2,30,45,9,45,43,37,-13,-16,-12,-5,-5,46,26,31,2,34,2,34,4,-20,-10,43,-10
3,-16,-6,-10,0,43,46,-4,-3,-14,-20,-4,17,40,0,-5,-13,26,32,-6,36,-20,35,11,45,32,29,43,-7,-1,29,46,42,-10,11,44,9,-4,-5,19,-7,-15,32,-12,26,-7
10,-3,-16,5,30,28,37,-5,35,29,-14,38,-14,12,9,-9,2,42,-5,0,8,-4,33,43,4,29,-11,-13,-1,-17,36,-7,34,-2,37,10,46,42,31,-16,7,-11,12,-8,31,32
-3,-16,-19,37,43,14,-3,25,14,-13,42,6,-19,18,-20,-19,-10,37,40,-18,-12,37,17,-6,0,37,34,21,41,43,-19,37,47,29,-3,-12,-4,38,35,-1,1,46,-16,10,44,-2
-15,-1,40,18,47,39,-10,35,35,44,12,-11,29,29,-7,-19,21,34,42,-5,-5,-13,43,7,-12,37,0,43,22,-8,-17,-7,37,20,35,-15,-7,43,-14,-13,31,40,-14,31,23,47
-2,-12,19,47,10,47,-11,47,47,16,-11,-8,46,30,13,43,18,-6,-10,42,46,-15,41,30,-16,47,-8,23,-3,15,40,-12,-10,-5,2,35,12,-2,16,34,-10,-13,-17,-3,34,-13
-11,32,-8,35,10,-5,31,3,14,46,40,47,5,36,43,-17,36,-13,-18,32,17,-6,40,16,34,36,36,28,-13,39,30,-13,19,-3,-16,8,29,46,-16,44,-14,0,16,-2,6,-15
35,39,19,-18,-6,-14,-6,-4,41,-9,-9,45,-19,-15,3,42,-15,-15,-16,24,46,11,-4,11,39,33,39,42,-8,-3,45,18,40,30,43,31,31,-14,43,-18,-17,43,11,-17,2,-6
45,5,-12,27,33,-9,40,-6,-13,43,0,41,-1,-5,-6,37,33,-13,47,47,37,-19,0,-9,-11,-4,-3,-5,-4,23,33,19,11,39,15,37,-6,-1,13,40,-4,33,36,44,30,-17
7,-18,27,-14,-1,-17,-19,-8,17,-18,44,34,43,38,-5,42,-17,-20,-8,3,27,-8,29,27,0,43,-10,30,47,46,-5,-14,-19,30,47,-8,39,-8,38,-16,39,8,34,12,41,-5
36,-19,41,44,-16,-12,33,-12,43,-19,-5,13,40,13,33,13,16,40,-18,36,-7,40,42,2,37,-7,-4,10,39,-2,-14,37,-16,2,43,-7,-4,-3,32,39,35,41,36,6,29,-5
25,29,-6,-11,22,47,-4,-6,5,30,32,46,-12,21,26,31,-19,30,33,47,-18,-12,45,41,19,-9,-14,-15,-2,22,16,-13,39,35,33,31,33,32,30,16,39,40,-19,-19,33,13
-16,-11,-8,39,32,27,47,-20,10,37,1,-13,43,28,40,11,41,-20,27,29,16,33,41,16,34,45,23,-4,-14,-15,46,-8,-3,-13,35,43,-14,-14,34,10,-2,-20,47,4,47,27
-1,38,46,3,-17,30,-17,37,43,-8,-4,5,41,43,-4,-17,39,-15,18,-7,-6,22,-16,-11,35,-8,-20,35,-11,46,41,30,-19,-13,6,44,31,21,10,44,26,42,18,-10,47,41
30,4,-13,45,38,19,43,47,-13,-20,-20,-6,-8,34,30,32,35,-15,24,-3,30,11,5,-13,39,9,39,-20,47,36,39,-20,-8,36,-2,-15,38,38,-10,37,-17,44,44,45,25,41
-19,20,-14,-5,32,43,-13,45,21,38,16,-10,30,-2,43,47,23,41,-20,1,43,2,47,9,-15,-19,-13,18,-16,-20,31,-20,40,-1,22,39,-12,32,-3,-15,22,-10,8,-16,-12,-20
18,-3,1,39,29,-14,43,-3,31,30,-9,44,4,29,36,0,-1,37,6,-12,36,29,30,-17,31,42,39,-14,-10,25,-17,19,33,46,-15,16,12,-7,46,-6,42,14,5,-13,-14,-13
-20,-10,-11,-8,-2,-13,45,32,16,-5,47,19,15,29,46,-16,12,-10,-7,-12,-8,21,-4,-6,-12,-14,18,34,29,36,40,-20,43,39,-17,-17,38,-19,-4,24,30,0,11,30,4,-8
46,36,34,37,17,41,46,22,33,-2,42,41,-13,-18,-17,-4,37,28,-13,2,38,-16,39,-6,40,32,-15,-12,32,14,47,17,29,-4,-15,2,46,-19,22,-2,9,-6,-16,-18,36,31
3,39,-2,17,13,31,37,-7,-1,-3,-10,-20,-14,43,28,-4,-4,-6,44,8,-12,-8,13,30,-4,-4,-20,22,30,30,-18,13,-6,-4,-20,43,-11,33,-20,-16,-20,40,29,-18,2,-20
-16,-17,-9,-20,26,-20,39,14,-18,-18,32,-5,47,-8,-11,-2,1,-13,37,36,-13,45,41,-11,1,-2,7,-11,-9,44,44,-2,33,34,-18,34,37,20,39,2,36,-13,32,-12,-12,24
12,-11,-20,-11,8,-18,17,29,36,39,41,32,-20,46,44,43,-12,47,27,-4,-1,34,36,32,33,28,32,0,11,-18,2,33,44,-13,3,-14,20,-10,-13,-13,32,-19,21,44,15,41
35,27,42,13,4,-17,15,-8,44,-4,-9,20,45,32,2,36,47,31,46,19,20,29,44,2,-2,-8,21,35,-6,23,10,-5,42,33,32,-11,-20,-11,-14,22,8,41,40,38,8,38
-3,-11,28,-10,-8,34,4,32,37,-20,41,30,-14,43,42,9,30,43,5,41,9,40,42,-5,-15,13,45,-15,-10,-15,43,13,-2,35,-8,27,-8,-6,-20,18,-9,-14,-13,21,13,-14
40,-17,-16,-6,37,41,29,3,41,3,-19,38,8,47,-16,35,34,-15,20,-2,30,-5,-13,6,35,43,35,-10,-11,13,22,-14,21,37,42,-19,38,-14,37,43,-19,23,-11,10,46,39
18,36,43,-4,25,-20,3,-18,39,33,34,-14,-13,39,31,38,-7,3,46,37,-20,-13,42,-4,40,-8,40,-15,-5,41,-2,-9,-13,30,10,-14,36,36,-4,-20,37,34,-17,44,21,46
40,-19,36,-18,42,-10,-4,-17,-18,35,46,45,26,-12,-2,23,33,-8,28,34,38,-19,35,-2,20,33,42,28,22,39,4,-2,39,-12,31,22,43,-13,19,-19,-9,17,-8,-5,38,-17
30,38,30,46,35,41,45,-14,34,37,27,42,-5,1,-20,19,1,-16,40,-13,26,-8,-9,30,-5,-15,37,20,-15,-7,-3,-12,30,29,18,33,7,44,30,8,42,8,9,40,-4,-4
9,36,-13,4,-19,-18,37,-4,32,-14,-17,34,43,-4,20,42,-7,42,33,-20,46,32,44,18,-5,37,47,-13,6,-8,-10,-9,-5,17,31,9,-15,45,-20,-4,-11,47,41,46,-13,19
31,34,38,-2,35,26,-14,46,37,36,33,-15,-17,-2,-17,12,-10,33,29,14,45,-17,-17,24,2,31,11,-2,45,46,43,43,-7,-5,46,-17,-19,16,13,35,35,-5,-17,-13,42,-3
25,-9,-2,-11,-5,22,-9,25,36,-11,-9,9,37,9,-19,-20,-18,41,44,3,45,-11,39,22,29,41,-20,34,-11,-10,34,45,8,42,-14,20,-15,32,-6,-13,10,38,-9,29,-1,-17
41,-5,26,42,45,38,44,42,-3,29,-7,25,35,3,6,29,-13,33,-17,39,-17,15,41,-12,28,29,29,-5,-10,31,44,11,27,34,-18,12,-13,42,-4,46,24,-3,-16,-2,-8,43
-7,21,-8,38,-17,-13,-15,17,-19,31,-17,1,16,33,-13,-19,25,30,43,7,8,-10,36,33,7,44,42,-16,-19,36,2,-20,37,7,36,44,47,-12,43,14,-5,-19,-6,-19,12,-14
-11,-7,7,29,-14,44,17,-16,-19,-2,-12,-18,33,41,29,-4,29,-2,-3,12,-13,-5,-13,8,-17,5,-20,20,0,36,25,-17,-4,46,-4,-12,21,43,40,5,35,42,44,37,-5,5
-5,-16,42,-11,5,-15,-10,44,16,-13,34,18,-18,36,34,40,-10,30,0,29,-7,12,18,37,-11,43,4,-19,-11,7,40,40,36,-7,-18,-14,-15,6,-17,-17,-17,36,-16,4,40,2
34,26,30,-7,29,-18,-14,-5,-20,-8,-10,40,30,12,47,40,-8,35,-10,2,30,42,38,-20,-3,-18,-20,31,42,36,-11,46,43,41,43,24,37,-15,47,23,-19,17,-10,20,42,6
-12,47,-11,35,26,-17,16,30,17,-8,42,4,40,45,-12,-8,-14,-8,1,-17,-17,-11,29,34,-7,29,35,35,35,32,-18,-14,41,22,43,16,29,-4,2,40,35,29,-7,45,-2,-14
9,-11,33,-10,-3,40,14,41,17,-2,10,-11,17,38,32,43,-16,20,-13,-14,47,24,11,41,-17,1,-13,23,20,34,41,3,23,-13,-9,35,-6,-19,47,37,36,13,46,41,-3,-5
43,5,-4,36,2,-18,15,40,29,47,21,-9,35,38,-13,-12,34,-15,39,-5,-7,-7,-10,13,-17,-14,0,43,-19,-8,27,45,37,-2,40,9,14,29,8,-11,-20,-2,15,38,-4,21
24,-5,-14,0,27,-9,39,-9,0,41,-9,-11,-7,47,47,28,47,4,-8,19,43,1,43,-4,2,45,42,30,3,-12,46,7,39,42,-9,-15,45,-8,31,1,45,-15,-13,-17,17,-11
-15,46,-18,-16,3,-20,-2,20,40,41,-7,40,38,39,28,-16,-18,17,-1,40,-10,-3,-20,41,-19,42,14,-4,-15,39,41,-15,18,41,22,-8,40,41,-7,10,41,-14,-7,40,33,16
31,-3,38,38,-17,27,4,-20,-5,-7,-19,-2,43,39,-4,40,-14,-8,35,-8,-13,-9,37,47,39,24,30,34,-10,-16,47,40,38,-1,36,7,39,31,-11,1,46,38,32,-2,13,44
-19,5,11,45,21,30,-19,29,3,-2,44,43,46,17,2,29,-17,39,36,0,24,-13,-14,-10,20,29,0,35,32,18,-12,34,-16,-11,-18,37,35,-5,-3,31,38,35,3,31,-6,-17
8,29,36,12,-7,31,36,35,41,-2,24,-19,-18,38,37,15,34,21,6,-18,-10,36,-12,-8,-6,-9,-4,40,46,44,24,-16,20,29,-14,-4,-2,-18,-4,-10,43,-14,-11,15,38,33
7,41,-13,39,46,20,14,-4,13,-7,-12,14,30,16,28,-16,5,35,-8,-14,6,41,10,-18,6,36,41,-18,42,-4,-20,35,31,-5,-17,16,28,30,-16,-15,-8,5,26,38,43,23
-15,-12,24,47,26,-7,-20,-19,37,18,46,16,-2,30,-19,-12,24,-10,-13,9,38,9,-5,41,-2,-3,41,42,-2,-4,-7,-18,15,30,-7,43,-15,-1,21,34,46,-11,-18,31,4,29
-8,-5,39,-3,33,42,-19,20,23,30,31,33,38,46,-4,-2,-3,23,21,38,42,-16,25,-15,19,45,7,-4,19,-6,37,-8,34,46,-18,-12,43,33,34,-16,-15,-6,15,39,-2,-12
-16,39,-14,30,38,19,-9,13,18,-10,-12,43,-2,28,42,33,18,36,32,30,-7,-3,30,17,37,36,17,45,-11,-9,-15,-15,2,-8,10,-12,37,-19,-18,36,37,38,-16,1,-12,8
39,33,6,-16,18,47,33,1,-17,-11,37,-11,-3,-8,-12,30,39,-6,44,-4,33,-10,-7,25,47,-11,-8,33,46,23,6,-4,-7,19,45,30,-11,-19,-5,31,-3,28,19,-10,45,-9
32,24,9,-2,-13,-6,37,46,6,-9,-16,42,-17,37,22,43,45,-9,-5,-13,-3,37,0,-4,14,-18,-20,-2,8,-18,44,41,-7,-4,15,29,6,42,30,-5,-14,-5,37,1,-9,46
-17,46,-2,-13,30,44,44,-8,16,35,39,37,39,32,-2,30,-20,44,45,46,-12,-20,36,47,-6,29,38,17,-10,4,-10,15,29,31,12,-5,-4,36,41,-16,34,42,-9,5,39,-8
-17,-9,-17,42,44,7,34,38,25,47,40,18,45,-14,29,-4,-17,41,-18,-16,-17,-16,-14,35,21,-5,44,-1,2,-9,44,-10,-15,20,-3,-18,19,-13,32,-18,-8,30,34,-7,0,46
26,30,29,-20,46,24,33,7,47,-17,-3,23,2,-6,43,-15,-15,-7,36,37,-18,-14,-15,-4,-17,26,-2,-20,31,43,-10,4,-7,8,40,33,-4,43,46,29,45,-17,-11,37,45,-5
27,-6,-14,-9,41,-8,27,34,-13,-3,-13,43,13,-12,42,26,14,-16,39,23,6,-7,34,-17,12,38,26,32,15,30,34,-3,-14,5,45,-6,39,-12,47,30,15,34,-4,-11,4,-18
34,-8,26,-15,47,-15,5,40,47,10,42,-2,29,38,44,-19,0,-5,-17,45,23,-8,35,-16,30,-9,7,43,-4,33,-4,10,47,-19,-4,-9,-19,34,8,-6,-18,14,-3,12,-11,35
-19,-19,31,31,36,39,-9,-2,36,39,-11,25,-5,39,-7,-15,-18,31,47,12,-18,14,1,-3,30,-4,6,35,10,43,-19,-19,-4,17,29,47,21,30,-15,-19,46,47,-9,36,-9,28
27,33,-20,20,38,29,28,-10,-13,19,-12,-18,30,21,36,-20,4,39,39,39,-18,-8,-15,-9,0,35,-12,1,43,40,-20,-2,37,5,45,32,36,-2,-17,43,11,-13,30,31,41,8
-19,11,29,34,-11,0,29,47,-3,35,44,18,44,10,-15,27,47,6,-14,-9,-5,-13,32,13,34,31,36,23,34,47,38,15,6,-3,44,-14,37,25,-9,-5,-5,44,-6,7,45,-20
30,13,-18,-5,20,33,16,-2,-13,16,-9,35,-14,29,32,-15,29,34,-3,-12,44,40,-16,-18,28,-6,40,-15,-10,45,44,17,-4,39,5,-16,34,-14,-16,28,-19,37,29,6,39,-5
37,34,31,-8,-18,-2,-9,42,31,29,-14,21,-9,37,35,36,-11,-10,-15,35,32,-5,45,18,41,-9,-11,36,-20,-2,35,4,-13,32,41,-9,-8,39,-17,-17,-18,45,29,-18,-8,-8
46,-13,-8,31,44,44,41,33,-14,34,40,34,29,19,27,44,47,-15,-3,23,34,40,-5,19,-11,18,39,-6,29,-17,31,11,40,-7,18,-11,47,15,42,-9,-6,-10,30,-12,44,-10
-13,-17,-5,47,30,17,45,22,12,47,10,-11,25,41,30,-9,45,-13,-6,2,-11,43,31,28,30,-6,45,31,-16,9,-11,-9,41,29,-17,31,20,-5,3,-15,33,-11,-6,-4,29,35
-5,8,-7,-4,-9,-16,32,21,-19,-11,-1,44,-17,-19,38,-2,12,38,45,35,24,-14,31,7,-4,3,46,7,4,-16,-17,-15,18,43,-20,-20,-3,5,-8,-14,3,-7,40,-10,19,43
-20,-7,10,46,44,18,32,-2,41,-8,45,-7,-4,45,1,-2,32,11,31,46,43,28,28,42,44,34,25,-15,-4,20,20,-8,-2,10,-19,37,-18,30,-10,44,40,45,30,-6,38,-17
23,-20,37,9,-7,46,-8,42,27,46,-19,43,34,23,-5,-17,-12,40,-14,-3,13,-10,18,34,-6,-4,-18,3,-2,37,-4,45,47,37,46,-15,32,35,25,41,-13,17,34,23,19,39
28,41,40,-8,46,41,15,-20,-5,45,45,2,1,-13,36,35,-12,31,-10,43,47,37,-12,39,30,45,-9,16,-2,18,47,10,-20,-15,-7,38,-14,-1,-8,42,35,-8,18,33,-4,32
14,-14,23,32,30,21,-1,33,4,-11,-8,44,-18,37,-15,22,44,38,42,13,6,45,18,-15,-4,-6,41,-16,45,-17,-15,17,-9,-16,-12,38,47,11,-20,17,46,9,34,-17,19,-8
36,-4,-17,-18,-17,-8,44,-6,10,39,31,46,34,20,-13,-3,29,4,-19,42,-10,43,6,-3,4,32,30,30,-13,7,-4,33,-20,-8,32,-20,9,41,21,-10,40,-7,-19,-15,31,44
43,26,-3,-10,-3,-17,4,-18,6,-15,25,43,-16,14,-8,46,6,47,-14,47,39,0,-13,47,9,-8,-16,31,32,-3,39,-14,-19,-13,-7,22,42,-10,-11,-11,-15,-6,41,32,47,23
4,38,47,46,34,-10,46,-10,4,-15,-11,24,26,-18,-4,41,-8,40,43,-13,44,36,41,44,38,43,26,-7,-1,41,-16,-15,-12,7,39,-19,9,-9,14,35,-7,45,-9,12,-6,43
-5,-7,-7,35,39,47,46,-8,-3,35,44,5,-7,-3,37,-7,10,41,27,-18,45,-17,15,-4,31,-13,15,-4,30,-11,-3,39,45,21,36,42,22,-4,33,-17,-7,-15,-10,22,30,34
-2,15,-2,-17,44,21,36,44,41,28,-2,1,32,26,-14,17,11,-12,17,-13,33,-8,40,47,14,-19,-9,-2,38,-9,0,47,-15,-18,-15,3,11,-14,-12,-15,35,37,-10,46,-1,37
-8,15,30,-6,41,-6,-15,-14,31,-3,32,-6,-16,16,45,19,44,-13,-12,24,-18,-13,-16,-16,-20,39,-8,33,33,-15,42,43,47,7,44,32,9,47,25,29,-16,29,38,35,-6,-15
38,-10,17,-3,-19,-11,-11,2,-16,40,46,-16,18,33,1,38,-12,38,24,45,20,45,-3,-20,4,-7,32,-18,30,6,-2,-16,-15,41,-19,-12,34,-17,-3,-5,47,-18,44,16,46,-16
38,-3,13,-12,43,-14,24,43,45,-10,-6,34,28,34,-2,-10,41,-7,43,-5,29,-13,-20,-8,31,37,10,-11,7,-13,37,-1,-1,-19,-8,40,-20,38,-9,40,-3,42,0,-9,30,19
-5,33,-5,11,-6,36,-9,-7,36,-8,10,-13,31,17,44,28,47,-7,24,-4,-12,-18,20,-9,41,46,41,9,31,18,5,37,30,5,38,12,30,-18,-10,27,45,10,-2,19,-5,40
-15,6,45,17,28,33,-11,45,44,-9,-8,42,37,-10,-5,33,30,39,45,11,19,35,-3,47,-10,-2,31,-18,22,39,-10,-14,15,40,-15,31,-11,7,-18,-16,-12,-13,30,-14,41,14
-11,-14,42,-18,-19,15,42,42,-20,29,32,0,8,-4,-2,-17,-8,-2,40,46,-11,30,-11,26,34,30,37,36,-8,32,-12,26,-17,-13,-18,9,-9,5,16,36,-15,-12,-17,-1,45,47
-4,28,2,39,36,34,21,-18,-2,30,-11,-15,44,-19,-6,8,-2,-19,47,33,35,-14,47,14,24,-4,42,11,-10,13,33,40,-2,29,-20,-10,41,6,6,34,44,1,26,-5,-6,42
-16,36,-4,40,44,43,11,35,29,-20,-18,-6,-12,-13,-3,6,46,40,34,-13,30,22,9,-2,37,2,-7,37,19,47,35,4,33,-9,-3,40,23,-17,1,-7,13,32,2,43,-5,32
16,-14,30,37,44,23,-3,-11,-4,40,-12,38,11,30,-17,38,-15,-17,-5,45,-12,1,-3,23,31,10,36,31,-10,12,-19,-20,-16,44,45,42,34,46,-2,27,-17,33,-15,38,39,-14
40,17,40,39,7,-7,-12,38,6,43,35,21,-11,-18,37,44,44,-12,-14,-3,32,36,42,31,-14,12,31,5,-12,46,43,-3,22,30,43,-16,-8,-1,46,29,-14,42,-19,4,41,29
-13,11,-3,28,-4,-2,-5,45,-3,-2,-20,-2,-9,31,-17,13,40,-12,-7,45,-9,-14,43,29,-6,32,38,-6,14,-7,43,26,5,-4,27,-6,-12,0,28,-4,39,-4,-4,-12,30,-12
-6,-4,41,-10,18,-13,-3,-3,17,36,44,31,41,-18,34,-7,15,47,-20,20,15,38,-19,14,-7,16,37,43,30,38,-12,20,11,-11,22,34,-2,47,-13,1,-20,19,16,-17,20,-7
19,37,13,35,43,43,-9,47,2,34,-9,-19,16,40,-7,11,44,33,-8,-20,24,34,-3,41,28,46,-20,-17,47,46,38,40,30,33,26,47,-20,20,-10,-6,-14,24,42,-9,19,-14
1,36,35,44,32,38,15,33,-15,47,47,-10,-19,15,0,40,33,45,-8,-16,-15,31,34,15,35,18,5,-19,47,8,47,34,-17,23,35,19,-17,11,-18,16,36,23,-10,35,-12,30
28,-9,-7,1,-16,-2,7,-18,47,19,4,35,4,-13,31,7,39,15,14,29,30,-10,-17,30,35,-2,-10,37,27,35,13,-4,-5,45,2,-18,35,-2,-5,-11,35,37,-11,43,-11,-7
20,43,8,-6,27,45,-6,-10,34,4,8,-5,-7,-5,32,44,-7,7,-14,35,44,-13,-6,45,5,-11,10,36,42,-10,25,-7,-11,21,-10,13,-7,-11,30,41,39,39,-18,18,29,18
-15,-8,-20,-16,41,16,6,-15,-20,-1,-8,33,43,-1,12,41,-8,-14,46,-3,5,39,-8,-16,24,46,-10,30,37,-5,40,39,-2,36,-19,30,20,-20,-5,-17,38,25,45,3,-8,11
46,-4,38,-12,-12,-1,13,44,-8,4,-9,-10,47,30,19,-10,32,40,39,-19,28,41,-18,15,-10,22,19,-4,29,-10,-7,25,-4,-9,32,35,13,36,-20,-6,47,35,-9,-13,35,33
11,-13,-12,36,45,0,47,41,46,23,-8,39,7,-12,-4,23,-15,5,29,-9,10,35,-20,-19,22,32,-12,38,44,28,7,-2,41,8,-17,-7,-13,38,9,-10,41,28,12,41,-4,-18
38,-5,33,-3,24,-9,-4,45,12,-17,-17,35,32,-4,-14,30,-18,-11,33,18,30,-12,-12,-13,12,29,31,30,-18,43,29,39,27,-20,-5,-15,32,-15,20,30,46,34,-7,-17,29,43
47,15,-5,26,19,-9,35,25,-3,13,-9,-6,-16,30,45,15,-2,41,-15,6,-1,-11,-4,11,34,14,-14,33,-11,-18,-9,-9,-5,44,-17,-4,-7,32,46,2,47,-10,33,38,-13,-14
13,-15,31,40,-12,-19,6,-15,42,42,-9,40,-13,-17,-4,-7,-14,35,7,-19,1,31,5,38,11,34,46,-4,-13,9,-2,16,-9,-2,-7,-20,47,-8,6,42,25,38,39,25,31,-19
44,-9,15,-5,-2,31,46,-18,29,41,6,-16,42,-9,6,41,45,41,36,14,-15,29,37,18,24,29,45,-14,35,27,-18,-18,30,29,47,38,-2,25,2,38,41,34,-8,-9,47,-16
43,11,13,-8,39,30,35,31,31,30,-5,-6,11,36,44,-8,-14,-12,-15,44,-19,-6,10,-13,-8,46,19,29,37,34,20,-20,-13,-14,-10,-20,-8,-20,-15,17,1,-13,44,22,18,30
-12,36,42,23,3,30,34,5,38,-13,34,-13,29,25,15,-2,11,31,47,29,-12,-4,26,34,32,-19,46,-3,-1,-9,-11,-18,34,-6,47,15,31,-5,-14,-19,41,4,37,30,-3,-15
-6,45,-20,0,31,0,-11,-16,26,32,35,1,-15,38,-2,-2,-2,41,-18,13,20,-15,36,47,-2,20,-16,39,-10,-1,30,4,35,47,-3,-4,36,38,22,32,13,33,-4,-13,-3,17
-10,40,-19,43,-15,-9,25,38,16,44,39,-10,-3,20,-11,-6,40,-11,20,35,-14,-10,42,-18,39,-1,-7,-4,-7,7,-13,46,32,21,17,-16,47,32,5,39,-9,-14,10,-12,-20,-11
-10,23,-12,-5,-3,34,8,41,-2,-18,2,36,-20,-14,36,42,18,-20,35,12,37,-1,-18,-12,-12,-7,31,-15,-3,37,16,40,-8,24,32,-19,34,17,30,-13,43,-16,43,-11,0,31
4,-17,-4,30,34,32,40,28,-18,45,-5,42,19,29,37,26,-12,-3,-12,-8,41,-14,16,47,31,14,22,47,8,33,-9,5,-9,-13,38,-20,39,-13,23,-8,-4,37,-6,-14,20,-2
36,-19,-10,3,30,31,42,14,38,45,-19,20,-5,-20,-16,29,26,30,42,-3,39,31,-5,40,29,37,38,30,-14,38,-19,-9,14,34,-13,26,34,-15,-2,45,-19,-7,-14,42,-7,12
41,-17,-13,-8,-13,31,-19,-15,44,34,40,-4,10,-14,37,31,-18,45,46,24,-16,44,39,7,18,-4,46,-14,-19,7,38,38,35,-15,-7,25,34,5,-17,43,33,-7,29,26,16,44
37,45,22,-8,-18,32,38,39,7,-10,-9,0,10,37,41,25,45,12,-12,-3,-15,5,-15,34,-12,32,15,-4,44,42,-6,29,-20,9,43,14,-5,6,43,33,36,-6,-9,-5,-10,41
38,-15,-5,31,-15,13,14,36,-9,0,-16,38,38,-16,-9,0,-19,30,-17,24,41,0,-6,16,30,30,39,36,8,-20,40,-2,-20,24,-1,-9,30,-5,33,42,37,44,35,27,11,36
8,-14,-12,-15,35,44,-16,-17,-6,-12,-20,41,27,-3,16,-11,-7,-12,37,-8,-7,-12,33,-20,42,-10,35,6,-16,36,35,46,-16,29,-13,-18,47,40,32,-16,-5,18,-17,15,33,15
-9,30,12,42,25,31,-11,24,-3,30,-18,17,7,35,36,37,40,33,-17,-14,46,12,45,35,-9,-3,-19,-4,29,5,-7,36,41,25,-19,34,32,-17,46,41,42,13,-16,14,38,12
-20,42,40,7,25,46,37,7,-14,26,45,-10,0,-13,-2,31,-15,1,-14,0,-7,11,37,8,6,-17,-9,-16,41,-20,-12,36,3,32,6,-3,36,46,33,-20,27,47,39,14,-12,-16
47,-11,-20,0,42,-10,-6,7,-15,31,-6,32,29,45,45,41,-20,46,-13,22,-5,-11,43,-11,37,35,-9,36,43,38,-17,-3,-17,-14,-5,40,22,-12,-20,13,29,-19,-8,29,47,-12
32,2,-4,33,7,-10,44,-4,10,37,3,36,-16,6,-3,27,21,-2,13,44,-3,-4,32,36,45,-18,21,31,-10,41,-8,19,20,-9,-1,41,-1,43,33,1,33,-2,-18,35,27,34
42,13,-6,35,25,-6,36,26,-15,-2,8,44,4,-3,-12,-4,-14,12,42,36,38,-2,34,-16,35,38,-7,10,7,-17,46,37,47,-10,-8,4,-2,33,-12,29,33,-10,30,-8,-16,3
47,8,5,-13,-7,-4,38,47,29,-9,-8,-7,1,-13,41,26,0,45,19,-4,38,-16,44,13,-5,-18,13,42,34,46,-15,21,-3,13,-12,-11,-6,-18,-15,45,30,28,-19,30,36,38
7,29,-12,41,-3,-8,-12,-17,34,15,-2,29,47,-5,39,32,-12,44,42,4,38,27,-6,-4,29,-7,-6,-3,32,5,32,-5,-18,-13,-19,7,30,32,41,7,-19,22,-2,1,10,39
37,-13,47,18,3,45,30,-3,-14,-8,18,47,33,36,39,4,33,4,-12,-6,42,44,39,-16,46,31,15,43,39,17,29,-12,10,38,-13,33,30,-19,-17,-7,32,4,44,25,7,37
29,36,-4,-7,30,-9,45,-1,40,18,38,8,4,-3,-8,-20,-6,27,33,43,28,-12,-2,45,-18,9,-12,-6,37,29,-6,44,45,-17,39,35,-6,-1,40,-10,40,39,-5,-15,-14,-12
-12,35,-6,-4,41,46,-17,-19,-18,40,24,-2,-13,-1,32,-20,41,-3,-20,37,-5,-11,25,-16,32,11,33,-1,-15,32,29,-3,39,33,-16,46,37,16,42,-15,-12,32,29,46,29,-12
4,-8,47,27,-20,-14,32,46,40,-13,-13,-7,-12,30,31,-16,23,-10,47,-19,-16,23,9,37,-15,28,-3,-12,-8,-13,-15,-14,-1,33,-12,-19,41,8,-7,45,-2,-13,46,5,-18,-15
42,22,47,-20,-20,-20,9,34,-10,35,-16,-6,35,42,-8,37,30,20,28,46,2,36,-4,-7,32,22,41,-12,38,35,37,-16,29,11,-4,21,37,33,47,32,18,-2,32,25,-8,35
-6,28,36,-16,35,-15,40,0,-8,-18,0,-18,-7,-18,29,4,46,27,26,45,-9,-15,-10,-12,-16,43,-19,-17,-7,21,3,30,43,-18,32,-20,12,38,-3,34,-2,40,35,36,26,35
35,39,-10,36,-19,22,-3,32,12,-11,-5,36,32,-19,-2,-19,31,-9,47,32,17,33,41,24,29,25,-15,36,41,20,37,-19,39,-9,34,45,9,-15,47,13,-9,-5,-12,18,-14,-10
14,41,31,-11,-6,40,-18,-19,44,-15,23,-6,-9,-20,-14,-4,37,38,-13,31,11,-18,-6,45,-8,27,29,16,28,30,-5,-8,31,47,45,15,-8,7,-2,19,33,-15,24,38,45,3
-3,37,35,39,41,7,-11,40,-19,23,47,-14,26,36,47,25,-3,-12,-18,6,-11,38,28,-7,29,41,-12,-13,-3,18,46,11,-4,31,-10,41,47,2,22,41,-6,21,43,40,47,2
-19,31,-4,-18,39,-10,-19,-8,31,42,-12,-18,43,-11,18,45,40,47,31,2,-2,2,26,29,4,-10,44,38,-18,-4,-3,36,-16,29,36,35,33,-18,44,25,43,-4,41,7,-13,8
-13,10,39,31,29,-8,1,-15,34,38,24,-13,30,40,11,32,45,-7,33,39,-9,-10,-1,-16,-17,45,14,-17,-1,34,47,14,-5,37,-20,38,-19,9,21,32,3,30,44,24,-12,-17
32,15,-7,30,0,-16,35,45,13,29,-13,30,-12,-11,-2,29,6,37,3,33,39,-12,-16,18,32,45,-15,-19,24,-20,32,6,47,-5,40,31,31,-7,-16,-17,-6,43,40,19,37,9
-17,38,-5,-15,10,44,-20,32,40,-14,46,-13,44,-19,46,-5,-8,2,4,-19,24,-18,34,-6,-12,-17,-10,17,47,31,29,-11,47,21,40,39,-18,-11,29,-8,36,22,3,29,35,-15
-8,32,-16,3,13,-10,-12,-17,-7,-6,-18,-8,0,43,-20,36,16,-4,-15,41,-15,42,-16,41,-16,46,44,37,-20,16,18,-8,-14,30,4,44,34,38,-17,11,-12,30,-17,31,45,45
-14,-11,33,1,37,33,-2,23,43,46,-18,22,36,-3,-11,47,35,-2,-17,11,38,26,42,37,36,45,33,-17,24,37,-13,29,39,47,35,4,38,-5,30,41,30,-17,47,35,42,47
31,46,39,28,-10,18,30,17,42,-13,-13,43,-4,34,35,47,-12,-11,-19,24,44,-3,-1,-16,30,-4,46,-4,41,40,-8,21,42,16,47,12,1,-13,12,33,4,38,32,-5,0,41
-5,42,-9,24,46,43,26,29,-6,6,6,-19,45,-4,42,-3,-20,38,-18,-3,47,-18,-11,-6,35,-20,-17,34,-14,47,30,-2,36,-13,4,-3,-17,41,45,-18,42,27,20,-16,-20,-11
37,-6,33,45,42,-13,29,39,46,-10,-1,35,-18,11,35,0,-17,-15,-11,31,-2,-10,-18,-9,39,8,17,-20,40,12,-8,28,-5,-19,44,-6,32,30,41,-3,-8,31,47,-20,38,15
-13,-19,-5,-6,34,21,47,-19,13,-17,44,-7,-15,37,47,-13,28,-4,-7,29,10,-20,-4,41,32,32,2,38,19,44,38,-8,42,-7,-16,29,44,39,-8,28,41,-8,-12,25,-12,39
-20,33,32,-9,41,-11,29,-20,13,40,37,-3,2,-13,16,-16,1,-12,30,45,40,41,38,-17,45,37,39,-9,43,45,38,7,32,-19,-7,12,-7,44,35,33,31,2,47,17,-10,-14
46,45,28,-14,1,-14,-17,37,-11,35,32,-17,-14,20,-17,30,43,8,37,29,44,-19,-12,34,-14,34,45,3,43,11,-10,13,-4,-6,-7,-19,-15,40,3,37,29,42,31,8,20,-2
43,-12,44,-5,-13,39,-3,34,34,-20,30,-8,34,-6,-7,-15,47,-14,37,39,-10,18,40,8,17,-10,42,-2,10,-5,-18,5,27,-6,-20,-19,-9,-14,-17,37,42,-18,46,39,29,-5
-5,20,40,-2,-15,-3,42,-15,32,15,7,45,31,18,44,-12,30,35,29,45,-13,44,-18,1,21,35,-16,30,43,27,35,42,31,11,30,-4,2,-13,35,44,-5,-18,-16,23,33,41
33,14,-20,9,42,-16,29,20,-8,-8,-15,30,-10,-8,46,-13,-17,35,-7,31,-18,-16,38,21,22,45,43,-16,-10,3,-16,28,-6,-13,37,36,44,46,-19,-11,45,28,28,-16,-14,-13
-8,7,9,-15,34,34,29,42,45,-11,-6,0,43,39,45,-16,21,-13,21,37,30,9,21,-6,-10,45,23,-20,25,47,41,-1,37,-1,-7,43,42,22,39,17,25,-10,-18,43,36,-13
36,26,-14,-6,31,-11,31,-5,-14,40,34,2,32,24,41,43,37,17,-4,13,-20,40,3,32,0,38,-2,-3,37,47,-13,12,36,-8,36,31,21,46,-14,-5,-4,-16,-12,47,-16,-9
0,-12,43,-14,-18,-13,14,29,29,-20,-17,-18,-6,-14,-18,-20,-17,25,23,-6,41,-2,-5,-2,-12,9,41,-14,29,40,36,31,29,38,30,38,36,-19,-18,37,-19,32,46,10,-18,42
31,35,-5,-9,40,1,-16,0,18,36,-12,-20,-3,44,-10,32,35,-16,-18,42,-7,11,11,32,-8,34,40,42,7,37,5,46,-13,32,23,36,-11,36,0,44,46,33,25,31,41,39
-16,-7,31,-15,-17,40,-2,-13,4,-11,-7,45,38,-12,-9,-20,-20,33,-7,-15,34,-15,-8,43,35,-18,-2,-6,34,-18,-20,30,-20,46,-9,46,-4,16,-17,-15,42,16,-16,-4,19,45
35,44,-8,17,44,37,20,-19,36,-7,42,-15,1,36,-9,-18,-17,-8,-13,-9,44,44,6,32,-9,-12,4,33,29,32,29,43,45,46,39,-11,-9,-20,-10,41,-2,23,6,38,41,-9
17,32,42,41,-7,-9,35,27,41,47,42,29,19,30,34,3,43,-11,5,-13,6,-4,-2,-15,-20,42,47,-7,46,33,-14,40,0,36,8,-19,-11,39,-11,-13,41,-15,-13,45,35,-4
-13,22,-3,-6,3,38,7,-19,-11,-13,36,45,47,-19,36,-20,16,-10,-12,-20,1,-8,11,-6,46,15,31,-6,-12,37,-15,11,-1,37,-3,-6,38,36,18,-17,-19,46,35,41,-17,-14
37,42,-16,41,18,-12,-16,-11,29,10,-4,-17,8,-14,3,40,36,15,-6,40,-1,-20,27,-17,47,-16,20,-3,-11,-2,47,40,13,-15,31,14,46,46,-20,-18,26,-13,30,37,-8,-6
39,21,39,36,-5,14,32,-3,24,-9,44,17,-17,22,33,-17,31,-3,39,9,38,-1,36,47,24,-17,13,31,44,-5,45,29,45,16,26,47,26,-5,33,-7,33,-15,-14,14,-4,-9
-1,29,3,-3,0,-12,-20,25,23,29,33,-14,1,-14,-9,-16,29,10,-15,8,8,-13,-2,5,29,-6,-7,-5,-6,-13,-13,37,44,7,9,-15,29,1,41,41,17,-15,-12,-6,0,-18
-9,-3,-3,43,-8,32,11,45,22,-20,-10,32,31,-16,-13,32,24,-4,35,-14,-1,-14,-11,38,44,6,38,-2,-6,37,42,46,18,31,39,-2,17,34,-2,-9,44,-20,43,25,32,18
33,3,41,-9,-4,44,37,-5,-8,42,34,-13,13,-6,29,-18,11,-20,42,8,13,-5,39,30,-19,34,-20,33,20,-16,36,47,35,-10,39,7,-11,45,15,40,18,31,38,-1,-14,46
-20,15,4,35,37,-13,-19,2,32,10,-11,12,33,39,29,33,-15,41,-8,11,30,46,25,45,-4,18,-16,3,33,-2,-17,14,-1,45,32,36,-13,15,-8,43,8,32,-8,47,38,-5
7,-14,-18,-2,-11,2,31,26,42,16,-14,-2,-6,7,1,-12,6,42,16,-3,43,31,16,-20,-9,43,-16,40,30,-14,-8,-10,-3,-11,45,30,47,34,34,45,-6,42,-17,42,20,-2
43,8,31,-18,-9,37,-16,-12,44,41,25,-19,21,-10,40,-13,-7,27,42,37,23,40,37,27,18,40,0,47,-19,20,46,-6,44,8,-19,29,41,12,32,6,-13,-6,3,47,-2,-17
-13,-13,36,28,-11,-14,-7,18,-2,-16,20,-7,41,39,-17,14,-13,30,7,-9,-14,-5,-2,16,-16,-9,-15,-11,47,-16,-18,36,39,36,46,-6,27,-20,-2,-18,14,43,34,-18,4,33
-2,33,-6,40,-17,39,-9,-11,25,29,32,-8,-13,-10,39,-8,34,42,-19,29,44,42,36,-12,32,29,40,30,30,32,-8,-6,34,-12,-13,47,46,-18,8,-13,26,-16,-8,7,35,3
38,-11,37,32,-10,37,-5,33,37,-5,11,-20,46,10,-20,36,39,-17,-20,30,-3,20,4,-12,-14,-11,7,-19,40,-15,3,37,-8,41,30,37,-6,43,-7,24,35,0,37,15,46,39
32,28,31,41,46,-8,44,-4,4,-10,34,5,45,29,41,-10,33,-19,38,-3,19,41,25,-15,29,26,11,-15,19,37,-5,-6,39,15,-10,1,38,12,-12,31,9,29,-16,3,44,-16
24,-17,-12,-17,-11,-12,38,13,40,40,35,33,0,46,33,38,-15,-11,2,-7,-5,42,-7,9,15,46,21,-11,29,45,-12,20,31,-4,-14,4,-2,37,25,-18,-13,15,-16,-12,37,-13
-3,-17,-20,36,-7,7,-19,46,30,-2,37,40,6,-6,-7,8,31,45,40,41,41,38,-13,10,8,-18,-3,6,38,-16,38,41,35,-2,15,-6,3,34,30,18,-20,31,-10,-10,-6,7
31,26,30,-7,35,28,35,45,-2,39,0,-7,-8,10,-20,-12,30,2,-13,-7,24,46,31,34,37,8,5,33,-8,36,4,-10,40,44,23,37,26,-5,-10,38,43,29,24,-8,14,30
-4,-15,41,-19,13,-12,-19,37,-15,43,36,-7,-20,32,-17,-17,32,36,43,-2,27,-15,42,37,44,-12,12,29,36,43,36,-17,40,-20,7,-19,11,39,-2,45,-18,45,46,28,28,-7
-4,-3,29,22,39,-14,-8,37,-15,19,-16,27,-8,-9,20,-9,34,10,30,-18,-12,23,-9,6,-5,41,24,43,40,40,-11,4,-19,35,41,6,-9,35,37,-20,-20,14,10,45,46,31
43,5,37,47,-2,35,-11,-11,46,44,-10,-2,19,37,-10,-12,-8,46,8,-17,36,-2,30,-6,1,-3,-5,-2,27,38,25,44,-8,26,46,39,29,-2,26,-4,28,-4,-8,-8,-2,30
30,10,-7,32,18,-11,35,25,44,38,-13,0,-17,2,39,34,31,-9,-8,39,-15,-9,39,-8,3,40,29,9,31,-17,30,31,-2,43,-19,-20,-1,42,-16,31,-8,46,-2,-2,-7,30
-8,-8,9,40,25,29,-3,31,38,36,-6,-11,15,42,24,39,37,42,30,36,12,-13,-16,1,-17,39,-9,-2,32,0,-2,-5,46,-1,32,-8,37,-15,-12,31,12,-2,-8,44,-5,16
-14,-5,24,29,12,-2,44,36,42,-8,14,39,-2,47,16,34,-16,7,30,26,-5,20,-3,32,43,-3,33,32,45,4,39,7,46,9,-8,35,-1,-15,29,13,-6,20,-9,-17,-13,43
41,-6,42,47,32,43,37,40,-15,-2,35,20,-11,12,-3,-12,45,45,47,22,-13,7,17,30,35,-8,46,-12,29,45,-8,-19,36,16,-10,15,-5,-6,45,4,-11,38,-6,5,45,-19
12,-14,-16,0,-9,41,-20,47,0,39,-11,32,-13,-12,8,33,42,15,44,13,22,-7,-17,38,-19,39,33,24,-20,-14,33,-12,-1,-13,-18,45,13,35,36,-12,38,-13,39,44,-18,19
43,-8,-4,42,42,25,-9,-5,0,-5,39,45,-8,3,47,39,28,34,32,-8,30,40,10,-19,-9,-17,36,-7,-11,41,-9,28,-14,-8,24,38,-15,14,35,16,-18,-5,45,36,12,-4
-20,46,-8,15,7,36,31,16,-11,-14,42,-2,-3,36,46,33,-13,-15,35,46,-7,-20,-5,-16,-14,35,-9,47,-11,9,47,-17,38,47,-12,41,-8,41,42,24,20,-18,-15,37,38,17
-13,45,-20,27,-6,43,-3,40,43,15,35,3,44,-19,-17,-16,46,10,22,-6,36,12,-8,30,-13,-16,-13,29,47,27,17,-9,-4,-15,31,20,44,30,-8,-5,-15,-18,-8,42,-1,-5
-2,-14,-6,45,-15,-6,38,0,34,-15,27,-5,32,1,37,30,34,42,-10,9,2,43,35,30,-15,-11,-6,-6,43,41,-13,-11,-11,-5,-3,-9,40,10,-10,24,27,43,0,-6,7,-17
-2,-6,31,-1,9,44,15,-15,36,46,24,43,42,-7,44,35,-2,-6,47,38,-8,-12,46,42,-18,18,39,12,38,-11,34,0,46,19,5,37,43,31,30,43,46,-2,-10,5,37,19
-3,12,41,-9,1,-18,-7,-15,44,26,10,-11,31,-11,44,34,-13,-10,-16,0,-10,46,-6,4,37,-16,-13,36,23,-3,39,-9,-5,-7,36,7,8,-12,-6,31,17,-19,-10,4,-2,-10
22,-3,6,36,4,40,38,-8,4,32,15,-3,-8,-1,-15,29,44,12,29,31,-4,28,13,-3,41,25,32,23,-14,10,-11,-10,-16,-12,35,43,-10,-15,-17,0,26,-20,-17,-9,39,12
-13,-17,44,10,-10,-8,-15,-1,1,-10,-17,-3,-16,31,36,-16,42,41,-9,-2,30,4,1,36,-7,39,-2,-13,37,-18,-16,17,44,25,31,18,42,1,-3,42,43,-7,-10,22,-14,-15
43,47,45,37,-9,47,-18,-16,-12,-20,30,23,38,25,11,44,-15,30,-7,10,43,23,14,-13,-2,0,36,-7,-10,26,13,-2,8,-3,9,44,-7,-4,-10,-20,36,43,43,40,-13,-10
-4,-1,-10,8,-19,43,34,-13,42,18,-9,5,-9,32,34,8,-11,47,-9,38,29,20,-16,30,42,-3,-12,43,31,-7,-20,12,46,-1,47,-14,-5,46,29,-10,-13,8,45,44,33,-16
-3,34,-14,-9,29,28,-13,-4,20,-14,-12,-20,46,4,31,29,35,13,44,40,-12,4,-18,-6,-20,-20,41,26,14,-20,11,30,42,-14,-14,-3,32,2,-9,26,47,0,-6,-8,46,43
37,33,25,-13,42,43,-6,24,30,40,21,-17,29,26,-15,-11,-8,29,-12,26,44,-7,-12,-13,-11,0,35,-10,-10,-16,42,41,41,35,39,-3,-5,-19,-6,-20,40,-14,-11,-10,42,-1
30,29,-10,-20,40,26,-16,5,35,41,40,34,-4,4,5,47,33,-2,-5,28,-11,-15,45,14,-18,18,31,18,30,23,22,-6,43,-14,1,-16,29,-9,-7,32,45,40,-7,14,29,-2
38,-7,4,-20,41,46,-17,-16,-14,-10,2,47,38,32,46,47,31,-14,-5,33,-18,12,25,-10,-19,14,-20,-19,-15,37,-2,21,40,46,43,-12,-15,31,44,-3,-7,4,16,38,-11,31
-8,-15,38,17,-9,-5,-17,39,25,37,15,-18,-11,15,-18,-9,37,-11,-6,47,-6,-14,18,37,-14,33,-4,17,12,36,-2,41,35,34,26,-6,8,33,40,46,-20,-15,44,-4,-18,38
11,40,-11,-13,45,-2,-4,47,36,9,-13,39,-4,40,6,37,31,-4,-16,13,-15,33,-16,3,32,33,-15,-18,-2,-2,2,-11,6,32,-19,37,6,-4,32,0,-20,46,-20,47,34,21
-20,-6,38,37,17,-8,-8,-20,-13,44,-20,5,-18,20,-1,-6,-6,37,-1,-3,29,19,29,20,46,21,26,46,5,-7,-20,-13,-2,25,-6,-17,0,-15,41,43,-12,31,-9,-14,37,18
-4,42,-13,45,31,42,33,-13,26,-14,1,-13,-6,-7,29,-8,45,-19,-5,-16,-8,-11,-11,29,-3,-5,23,-20,8,35,15,33,-4,47,44,19,20,-10,33,2,33,38,46,37,16,-15
-17,0,5,-5,31,-15,32,-4,16,45,3,47,20,43,45,-2,35,31,46,17,-20,-1,36,-6,-18,-16,40,-20,32,-6,-10,-19,44,30,36,30,30,18,34,28,-6,33,39,13,25,40
-5,35,-13,1,-17,35,-19,10,35,22,-2,-3,-16,31,17,39,35,6,-18,1,32,8,-10,36,40,37,27,-14,-20,42,-14,9,5,40,-15,36,-13,16,-4,44,-13,47,-3,21,34,37
47,-6,8,-13,9,34,-3,1,-10,-20,7,43,29,11,19,-5,-19,-14,-16,45,42,39,-8,-9,-14,8,14,30,-19,-16,-20,27,-3,-12,-8,41,-19,-1,19,-11,-3,23,6,-2,-6,31
35,15,31,15,-20,-10,44,-19,39,-9,43,42,40,-6,-15,7,46,-18,-7,6,-17,8,-11,43,-10,-14,41,41,6,-11,29,-18,40,-20,-13,26,40,-7,41,45,41,-11,-17,35,34,31
-20,45,-11,34,35,-13,-20,-11,27,-19,-17,10,-8,28,-5,-14,-10,29,-3,25,-15,32,-13,37,-19,32,42,-12,17,-6,-1,-12,30,39,34,39,42,35,35,17,47,12,-8,43,-4,-3
-17,46,29,-4,-17,-2,31,-14,-3,13,46,46,-8,-6,11,-19,-9,-8,8,-6,36,46,-4,25,41,7,16,29,17,33,42,17,5,-11,23,-7,-15,37,-3,31,-10,-15,29,46,-4,45
-20,2,35,35,41,0,-8,38,17,38,-7,35,26,-12,31,36,-17,-17,-16,-10,-19,-9,44,3,-11,7,35,16,6,34,-17,30,41,30,-10,-19,44,35,-16,-8,46,41,16,32,40,28
6,-9,-12,44,-12,43,38,38,46,17,-18,15,38,13,-6,-17,-20,2,47,11,28,-16,7,40,46,43,-4,9,0,39,5,46,41,-14,32,7,33,24,-19,24,22,-6,-18,-11,34,-6
-4,21,-11,-13,-12,29,-13,38,39,32,-17,40,39,-2,38,29,20,35,4,30,7,-5,-3,20,38,-20,17,31,-5,26,41,42,19,-7,47,-12,30,40,-20,-3,-11,36,40,26,-13,-4
32,-11,-9,20,24,-10,-8,0,34,44,-5,29,-11,-5,-13,13,-4,28,45,-10,-6,-9,38,40,20,-6,-14,39,-5,-14,-15,12,-13,-4,42,-13,36,-17,41,36,42,-17,30,-6,39,16
-2,-3,32,25,13,37,-12,22,31,9,22,31,-7,26,45,-15,-18,29,12,-5,38,20,39,22,-18,16,-2,46,-13,-17,47,10,35,8,-14,16,-15,-3,-17,-19,38,42,16,-10,-3,10
7,33,37,-18,2,38,41,2,-10,46,-4,40,20,39,-2,-13,7,-4,-19,39,16,39,-17,43,-19,-20,25,34,2,46,-19,0,36,-2,10,-17,-6,-3,29,0,-13,-13,-16,0,44,-5
8,-5,-11,21,46,36,-18,8,-8,8,-14,40,-14,-14,32,-13,-20,40,4,-5,-7,44,31,36,-3,42,-14,24,34,-14,32,-13,-14,-3,-2,29,-5,9,32,1,21,46,29,8,18,35
-4,-19,34,32,-4,-6,25,-10,21,-9,34,25,-17,36,-14,26,34,-5,30,6,-20,35,-17,2,-11,-13,4,-15,-2,-20,22,-19,10,34,-18,-8,-15,37,31,27,47,42,20,-5,-20,12
24,-3,29,23,37,-6,-7,-4,-17,19,-13,43,-17,-14,30,10,33,-7,-3,-16,29,21,47,-12,-4,-8,-13,-20,-7,-16,-19,-18,22,39,-5,22,-5,40,44,1,38,-14,-3,3,30,-13
-13,-16,13,-9,-15,-18,38,-20,37,30,-5,40,14,-19,24,38,-15,38,38,-20,-11,30,-14,42,-7,25,-3,-8,40,41,13,47,-13,4,-10,27,-9,-13,-14,34,-4,19,45,6,-16,21
-19,12,-6,-2,-10,30,35,-2,-16,8,43,-1,41,29,-18,39,14,39,-9,-12,-11,35,25,-20,-11,45,0,33,32,-7,24,-13,45,2,-7,41,5,-16,10,-20,-4,41,-19,47,4,39
38,40,39,-15,13,37,-8,46,23,-12,31,0,24,30,-3,40,9,-13,-17,-4,30,5,-12,35,4,-11,-20,-16,-18,-15,7,42,40,47,-6,-18,40,35,30,5,-4,1,46,-20,37,27
11,-4,38,18,-3,37,-15,-18,44,18,4,40,44,9,-2,3,-14,-19,7,42,44,-5,-16,-20,-10,34,-20,11,21,-17,35,-20,15,35,20,46,32,26,3,-5,-18,43,31,28,6,-17
-11,11,43,-13,12,44,-8,44,-6,-15,47,44,47,5,16,31,-6,32,35,38,-19,-20,-6,-11,39,28,16,-10,-3,12,6,-4,12,32,41,11,33,2,-8,35,-2,-11,10,38,-6,43
41,-14,30,3,9,-6,39,3,-1,-3,39,30,-3,-5,23,40,-12,27,-6,35,-7,4,22,-5,-16,32,40,-19,27,33,-12,29,-15,-6,45,-13,-10,-10,38,25,24,-11,42,41,-7,5
-17,25,-13,43,-3,26,-20,36,-20,-5,36,-14,32,17,-12,45,32,11,39,-14,2,30,43,10,-11,-2,22,-7,37,-15,-20,-9,-8,36,-17,29,36,-7,-17,1,-10,40,43,47,-17,17
14,-5,28,42,-12,0,30,17,-11,-5,-15,29,-4,25,-13,-12,-19,-2,24,-17,-20,-11,45,-5,-17,19,8,30,-10,-15,-11,36,40,30,28,37,46,30,9,42,35,44,-9,32,-10,-9
29,36,-8,-5,9,35,41,19,46,31,3,44,41,-17,20,30,7,-10,-14,34,-15,24,-15,35,36,32,46,-16,-18,-20,33,3,18,29,-10,25,41,-4,41,6,26,-20,44,41,30,21
-7,2,30,44,-3,43,-16,-18,-5,22,36,-13,-16,7,25,46,23,40,34,-2,20,36,-10,12,46,44,40,-7,43,28,-8,44,40,16,4,-8,-15,-8,25,-15,30,6,-5,30,-4,16
42,4,15,46,29,-11,31,32,-18,-4,29,-13,-2,5,45,32,16,-10,37,-6,26,43,-13,10,47,30,35,6,-4,47,46,28,-11,10,-17,-8,16,39,34,44,3,31,35,46,31,9
42,23,39,-3,-11,-17,29,41,-4,-12,-16,-17,-18,31,-1,44,-5,17,43,41,35,44,30,36,36,38,43,-17,-3,-8,-5,45,13,-5,46,-9,41,39,43,35,16,-4,-16,18,-17,43
44,11,16,-18,36,35,25,31,35,40,32,31,26,44,14,41,-8,-17,-17,26,36,-16,33,31,-16,12,36,-4,-11,-11,-3,23,-7,-7,27,31,-13,-1,29,9,-6,-18,40,7,26,35
-12,19,3,-15,-14,1,39,12,-5,-8,36,42,-5,6,36,0,16,35,33,-12,29,36,-4,-4,-6,-8,33,22,43,41,-8,24,37,30,-2,-20,-8,21,32,-9,32,30,-6,4,-15,-14
5,-15,44,41,2,-5,35,-5,30,10,37,34,33,30,17,-12,-16,37,20,-10,25,-17,31,29,2,31,7,-6,40,-10,-4,41,-8,44,18,36,1,-16,36,-10,-4,46,-4,27,-10,-16
-16,-4,-6,-2,-15,30,33,-16,-12,-10,13,-10,36,36,44,-4,34,41,32,-16,-15,-9,29,21,-17,4,-14,12,-7,12,-19,-16,29,37,-16,33,1,-18,-10,-5,-5,38,47,-9,-13,-6
45,23,14,37,41,5,31,38,-15,38,-19,36,-4,29,39,44,-3,-3,-2,1,34,-10,-11,46,-2,-12,35,-1,15,-16,34,44,46,46,-6,-18,39,47,0,-16,-2,-20,-17,15,-13,-16
43,11,29,-5,45,34,-15,-6,30,-17,40,12,-9,-8,-16,-9,8,-9,25,-12,36,20,39,14,-8,18,3,33,-18,-18,34,15,32,27,17,-12,45,-3,1,-5,26,-3,-17,-11,46,32
-8,-18,14,42,1,-20,-18,13,47,-13,-8,-14,16,-17,-2,30,41,-20,-7,-15,25,35,34,17,46,-14,42,-12,-12,30,22,-4,39,33,-1,-4,45,-13,17,-15,31,-20,-11,39,5,-2
32,14,33,-13,-20,-17,34,17,43,0,-14,10,-20,-10,-18,22,-11,-11,-15,19,-7,45,10,39,10,-4,-4,44,-17,31,-1,44,21,40,-7,-20,27,41,31,40,-10,-14,-7,34,37,31
-10,37,32,17,43,41,-16,46,-3,46,-4,-20,44,1,43,45,-19,15,21,-17,46,43,-14,33,-20,11,-6,-10,29,-3,-9,31,26,-17,-5,38,-15,5,-20,-10,2,37,13,-3,-6,34
39,30,-19,38,17,42,22,-16,31,46,34,4,-2,-12,3,34,35,43,-12,-9,39,15,37,11,16,34,40,9,36,13,31,-18,-18,-8,46,25,-11,34,45,30,27,-17,43,18,43,42
14,45,29,46,34,-6,31,-15,-4,7,32,36,34,-2,9,-19,44,39,46,-3,-12,45,-9,13,-12,16,4,37,-3,-8,-12,26,-17,37,17,32,17,-11,-17,-9,31,28,22,-18,-5,-9
24,29,-1,-7,-16,18,-6,33,-13,-6,20,-10,33,-19,29,-11,29,30,29,-11,-19,19,-19,40,17,-15,0,-11,13,30,39,-19,-9,-2,46,-3,43,14,-9,42,26,-13,33,-9,7,-9
18,-7,-8,-15,32,47,2,-7,36,5,16,40,29,35,26,36,-16,39,-20,2,33,35,2,30,-6,-4,31,26,18,36,-14,33,46,29,-14,12,35,-7,-18,29,37,-7,-16,-19,30,27
-9,14,-2,29,29,-20,-9,-9,32,39,40,38,31,23,-1,40,34,28,-17,14,-7,-17,-9,23,40,15,45,-18,36,-15,-12,5,38,-16,33,43,47,-5,14,37,25,-2,-5,39,39,-12
41,-6,43,37,-4,36,-19,17,-3,31,30,6,40,-14,-1,39,38,-3,46,-2,39,37,47,-5,34,21,-10,13,-20,-19,-15,3,-11,-2,16,-5,-10,-20,-8,-11,-5,23,24,38,4,37
34,-13,41,-4,38,-7,23,40,-4,3,20,-11,29,-8,-17,34,-5,-14,17,-9,28,-14,-11,6,-15,-8,39,-3,27,45,-11,-7,39,-4,-2,33,40,29,-7,0,-12,-11,42,29,41,-7
36,-13,-10,-14,37,42,44,-18,40,38,-8,26,33,-11,6,-17,36,-10,10,29,47,34,-10,9,-15,-17,12,47,47,30,42,36,-20,24,30,-1,-3,37,39,-3,-19,45,43,22,-19,33
42,-13,47,24,-15,46,11,38,-17,-20,27,31,43,-20,42,-7,-5,15,13,-5,-5,-18,18,-9,24,-12,-15,44,3,-19,37,43,44,-20,43,18,-19,26,29,-8,-17,22,21,43,23,-19
38,30,-19,29,-2,37,19,-5,13,-7,47,32,29,37,35,-6,-7,35,38,23,14,-15,22,-14,25,43,24,42,42,0,-20,26,31,-12,-20,35,0,39,30,-10,12,33,-4,39,-19,-7
-17,6,17,-13,46,-7,39,33,-13,47,-7,-13,34,-7,42,46,37,37,-9,-15,-9,-3,5,44,43,5,16,46,34,-15,38,-6,4,37,-10,-13,-16,-6,11,30,46,45,-20,34,38,-15
18,-19,-16,27,4,-15,-12,47,30,38,-18,45,-2,28,38,7,-9,18,-18,-17,-2,23,46,0,-2,1,-6,13,-20,-19,47,17,-13,-4,33,39,-17,17,-18,38,-11,-16,6,-6,-6,-12
41,41,21,-20,-13,17,43,-17,33,40,-20,42,44,34,38,46,15,42,46,-2,-14,-20,34,10,-9,17,-14,9,30,-4,1,37,-1,-3,-6,31,-10,-11,33,44,17,32,42,30,13,-14
46,-6,-9,11,28,-2,44,40,34,-9,-6,-13,-11,-3,37,36,35,21,-16,32,43,39,47,30,23,42,-12,-8,5,-19,-8,-6,-8,41,43,40,33,-4,5,-11,-15,5,-3,24,47,37
3,-13,-4,-16,39,-9,32,14,44,-11,-2,32,9,-17,44,-3,36,-9,46,38,-10,43,0,-8,30,46,-6,39,-3,41,-7,29,44,-9,-13,-18,-18,-17,37,40,22,-13,36,26,42,41
37,45,26,38,29,-17,11,41,-7,-6,-2,0,-8,5,-2,46,27,-13,16,-8,12,-15,-7,-4,28,35,26,40,39,30,46,36,35,5,38,30,41,0,-9,23,-17,5,-13,-13,-2,36
44,14,0,43,17,39,47,10,40,-2,-14,-11,-16,15,-7,44,31,17,43,-20,41,-2,30,-2,5,34,-9,30,16,-10,14,33,39,-5,39,-7,26,40,27,47,13,-17,35,9,-13,26
38,41,28,39,44,40,24,-12,-9,-16,31,39,17,-8,6,-15,-20,-19,6,37,-20,24,42,-2,-6,-19,10,44,24,-11,-12,42,-10,2,19,-3,39,24,20,-13,33,-18,36,45,24,-8
23,44,3,39,12,32,-15,-10,-20,30,14,35,40,43,-12,-7,15,37,-13,11,34,-5,44,37,38,-3,-18,-6,-6,35,23,29,-11,-3,-9,29,42,37,-18,32,-1,-15,43,29,33,-16
32,28,-6,14,47,17,-17,-2,-2,38,26,-18,29,34,-9,42,24,39,31,39,-7,-18,-3,32,39,-16,-17,-16,-5,41,-17,17,5,40,28,-7,4,29,-10,15,39,-19,46,-14,41,31
-15,-2,-7,38,32,-19,34,-12,20,-18,47,-10,3,39,47,47,46,33,37,24,5,33,-2,40,31,40,43,36,12,-10,-17,6,32,33,-15,-14,44,-19,-16,42,-19,-15,-20,13,-17,-14
46,2,-16,-10,42,45,36,42,-18,-18,-12,6,28,-3,5,-2,-5,33,5,30,31,-6,-13,31,-6,13,-19,-15,44,-12,36,29,12,36,29,-11,-19,17,-10,-8,-13,44,2,-5,45,-6
-8,-18,-20,-8,-12,15,19,-16,-6,-19,39,44,-3,-20,22,-7,44,-7,-2,-4,-16,33,-19,34,24,-9,-2,-7,37,2,37,-14,-10,-6,-6,45,2,-11,7,-11,41,-8,38,28,47,-19
-12,13,45,27,-13,7,-17,-8,36,46,30,35,-1,-16,29,0,20,39,23,-5,45,7,-13,-6,-5,46,-5,5,32,41,-9,-4,-9,6,-15,36,21,40,-2,41,35,-13,24,-18,27,33
41,10,36,42,-20,-2,33,-13,11,-15,41,24,-11,-14,11,-14,-3,-11,46,29,38,-14,37,-6,40,-5,-15,18,32,-15,29,6,-4,46,-8,-19,46,43,39,-9,15,39,-17,-6,-8,-10
-3,30,-17,29,-14,-7,32,34,-13,32,28,29,-13,33,46,3,42,37,-15,-14,-5,40,25,-19,-8,-5,-18,24,30,-15,36,-2,-8,-19,-20,-14,34,-2,-20,31,30,35,39,39,-3,34
-5,42,34,25,31,-7,-9,-7,-11,9,36,-16,36,23,10,-19,-9,33,-18,-11,46,-9,29,0,38,-10,21,-11,-9,-16,-14,-1,43,13,35,24,-19,-12,-9,14,37,26,-2,15,22,41
33,47,37,15,34,-20,41,46,31,11,-16,-20,45,37,3,34,-15,43,41,-19,34,45,27,-13,8,35,-18,5,42,27,-11,45,34,-2,34,-11,-5,30,47,3,16,40,21,42,-14,44
-11,-4,-4,-18,23,43,37,13,-8,-13,42,43,8,-2,40,12,40,0,-20,9,-14,33,24,30,18,-14,5,46,-15,36,40,40,-12,7,30,45,47,11,1,38,5,29,2,41,41,-8
39,38,-19,34,-15,-18,9,39,-8,-14,6,36,43,-1,-17,31,-13,0,-1,-2,-7,29,30,11,-5,23,34,1,-12,-11,31,29,-6,41,47,8,-15,31,-4,47,38,46,-6,22,-20,45
37,24,-10,-19,-6,39,-16,-14,29,14,13,38,2,32,26,40,-6,-20,32,18,-12,6,-7,-8,-18,10,47,43,38,-19,37,37,-15,29,17,-4,34,-8,-1,35,35,44,-7,46,44,11
6,46,37,-2,41,22,-4,24,46,46,20,39,5,-9,47,26,14,-8,34,11,10,47,39,19,0,33,-16,16,-18,-20,36,9,-18,17,20,-11,-9,37,-6,25,24,-2,42,19,37,-4
-2,45,-11,-16,45,-17,45,-18,31,12,-6,29,47,-17,-6,5,29,7,-10,-5,-11,-2,-3,-4,3,36,34,-17,21,36,-12,41,-3,12,32,-20,-17,44,-17,40,10,39,22,40,30,6
-12,34,-9,30,-10,32,29,0,22,-16,14,41,30,30,2,-15,29,-15,-5,0,42,6,-19,-9,32,28,39,24,5,40,-18,35,46,23,10,29,-10,-15,-3,32,21,-6,1,44,35,40
18,-17,38,19,-13,-6,-10,30,34,-13,7,44,30,-4,22,-6,-8,-18,-9,25,-2,36,-17,-15,44,3,36,-5,31,-7,-2,42,-14,-12,-8,36,15,30,-5,-18,12,38,29,-13,-3,13
-3,12,-16,-2,-8,9,-8,39,30,-5,18,43,-9,28,-10,29,-9,28,3,-5,-12,32,29,31,1,-13,28,39,2,44,36,-7,40,-19,-16,-8,-10,2,-7,-14,22,-3,36,11,10,-7
25,47,5,-11,47,37,5,-6,-6,40,-20,8,31,10,3,47,30,9,-2,12,47,1,-7,-15,44,-12,38,-16,-2,21,39,-16,-17,29,-15,27,-19,-8,-17,26,33,-2,24,46,-3,-14
37,-17,-4,2,-17,34,5,-18,24,-14,46,38,-13,36,33,-20,45,-20,-15,-4,47,9,34,-6,12,39,-6,42,41,12,-7,35,1,-9,38,7,-6,38,42,41,14,32,35,-14,37,39
21,-12,6,32,-4,21,-18,-13,41,27,45,-14,32,-8,-6,29,47,-14,22,31,-9,28,36,40,35,34,47,47,-11,24,-13,12,-9,20,32,15,-18,11,-19,-4,16,35,-18,3,38,34
-15,17,27,-6,-2,-18,45,-10,35,-2,-4,30,33,14,1,38,-8,4,38,-9,39,2,30,-1,36,34,39,23,30,-15,41,-16,46,-16,41,-11,-16,9,42,32,-6,37,47,-17,-6,-1
-2,7,-4,41,-7,-12,-7,42,-13,-20,8,43,-20,38,31,-6,34,29,14,-11,38,40,21,-6,-13,-14,-18,-4,24,-14,26,-10,29,-5,31,-7,1,-12,-11,-5,8,-13,22,-3,27,38
-14,40,-5,39,34,-14,45,34,45,26,15,47,8,-19,-13,13,46,40,-6,-18,32,39,40,45,16,-7,-16,9,29,25,26,45,45,35,-12,13,-8,-5,41,23,5,-14,40,-5,22,31
12,-17,-20,9,15,45,-16,20,11,38,0,-2,39,-5,-7,-13,0,40,29,41,-14,43,23,44,4,-14,45,30,44,2,-12,-20,5,33,-13,32,32,37,-16,36,35,37,31,-14,22,37
26,45,-5,-8,31,40,44,-18,-7,6,12,43,-12,20,-18,-7,-11,45,-7,44,26,-4,45,-7,36,-12,-15,-16,46,35,-3,32,38,38,4,-12,35,38,-5,0,39,22,-14,-7,6,42
42,15,24,29,33,40,-4,-16,36,29,-11,47,8,-15,45,31,12,-11,-4,-14,-9,-14,-13,34,5,44,47,38,39,-5,13,30,-7,27,41,-9,1,-7,29,42,30,-13,44,37,-12,46
37,37,4,-12,-6,-14,44,34,47,-1,34,-1,43,-19,-7,14,32,-17,33,-13,6,-2,-2,-1,4,-12,30,-16,-19,29,15,-18,23,-3,30,0,40,-8,-16,-5,-20,45,14,-4,24,-14
-17,45,-1,36,19,-3,10,44,-2,-14,15,-4,31,38,-9,-5,5,37,-13,39,-16,-13,36,30,42,-18,23,-19,40,33,30,30,-11,-4,8,29,35,-12,35,-10,-2,0,-10,5,4,32
-19,9,-10,-7,24,-3,42,-10,29,-8,23,-17,-8,-13,-1,45,-10,-14,-15,-19,35,38,41,37,47,38,41,24,46,-18,46,-14,45,-9,22,-13,29,-2,-4,-19,2,38,41,-11,-13,46
44,32,-20,-19,-10,-2,-20,33,-14,18,32,39,36,41,47,35,-10,-10,36,-2,29,-2,-19,37,16,-11,-15,-5,0,-4,33,-9,28,34,30,19,28,44,34,-12,-18,0,-16,31,-1,-3
45,17,-3,-14,-11,38,-12,32,-3,45,-10,-4,40,-1,-14,3,-4,23,36,-18,-6,-5,35,-13,-20,-4,40,-10,18,-16,18,39,38,16,45,29,-2,21,-9,-9,28,-13,37,11,-2,4
40,-15,35,31,-3,33,42,39,39,40,11,-5,20,33,33,29,35,-5,33,-5,15,-8,35,-17,-6,42,42,-19,-14,16,38,10,36,20,-10,12,-7,37,0,35,8,-4,-8,35,20,47
-8,-6,10,32,29,39,5,-15,-19,3,22,-4,43,25,8,-13,45,-13,38,30,34,35,-2,1,41,-7,-7,-20,15,45,29,42,47,44,-18,-19,41,30,30,43,14,-9,11,42,35,23
-7,47,-7,2,-1,-6,4,43,19,-3,-8,-4,42,33,-14,-6,37,-2,-19,30,31,-18,43,22,-1,-17,6,38,7,-17,-20,1,38,-6,28,-12,-16,-16,-19,38,-16,37,26,-17,43,30
-4,43,-14,-7,-20,-4,-19,-12,33,-12,42,45,29,-20,40,-11,-14,36,-13,43,35,13,40,-19,43,-2,45,-10,-4,-11,37,28,35,38,45,12,-4,34,45,29,-2,38,-6,5,-10,39
29,-3,41,23,-8,41,47,-13,-7,-1,-2,37,20,-10,-15,12,35,-11,-18,35,23,-12,-17,17,44,47,-3,10,-12,32,-2,-14,42,9,-19,45,29,20,29,0,31,12,15,-7,40,45
45,30,-6,29,-15,43,-14,-14,39,-4,-10,43,5,-18,-4,-17,33,-14,13,-16,10,-5,39,20,18,47,-2,-8,-6,39,-20,17,-6,32,2,40,-11,39,45,44,25,42,-18,22,37,31
-6,-13,27,-18,4,41,39,-16,33,46,-12,11,33,-2,-10,34,25,-6,-7,41,-20,14,-6,-7,16,47,32,16,-17,5,39,22,40,-9,31,43,-3,33,-12,39,-18,-13,-12,-16,-17,37
22,43,-20,10,45,21,12,-4,39,33,46,-6,34,19,31,-19,40,-17,21,42,-15,-11,11,33,-10,-9,-4,5,30,20,-5,46,-9,17,26,46,40,39,44,41,-12,30,41,36,31,-1
40,18,-19,32,30,33,42,47,32,47,18,30,-4,-19,-9,38,-20,40,40,18,-17,0,29,-6,-4,40,1,44,-4,35,32,33,47,38,-6,-6,37,-20,34,47,3,47,34,41,41,-14
-11,-6,43,-9,27,-19,16,32,40,33,24,-12,-13,37,31,32,-7,35,-2,-5,5,-12,-13,30,-2,12,46,42,40,-3,19,37,-8,8,-11,26,-10,-15,-11,-5,46,41,29,10,-15,30
44,44,21,-17,-19,-5,-20,-5,-15,11,28,-14,-4,43,-11,6,47,31,-14,-4,-16,3,29,34,30,29,-8,-10,4,-16,29,46,-12,1,-6,39,-5,23,33,-12,17,-12,4,-10,-15,30
47,-17,46,23,25,-8,40,38,-10,37,19,44,33,-15,36,6,47,13,-19,-7,-18,4,-9,-20,32,-7,19,-3,-4,37,-12,14,-3,-8,40,21,-19,12,39,-11,-4,-14,9,39,-17,43
-11,32,16,42,7,43,24,-19,30,6,14,30,-5,-8,-20,17,-12,-5,36,-20,45,21,-15,37,31,-13,-2,43,44,26,26,41,34,-10,-11,32,-2,27,-11,29,39,37,-5,8,-20,-8
-14,20,31,44,2,-2,36,31,43,-7,10,-10,29,24,35,-9,36,-16,-20,11,-1,-6,-18,24,-14,-5,-11,-14,20,-9,-4,28,23,-15,-8,-5,32,44,29,-12,46,-19,-12,-12,37,39
38,-19,-7,13,46,22,-2,13,43,0,-13,38,29,-4,46,29,35,0,19,38,21,-12,43,25,34,-2,-4,39,13,38,34,39,-11,35,47,-17,39,19,-14,7,41,41,23,-12,28,-19
-8,10,10,30,35,25,-9,-4,-18,8,7,-14,30,-13,35,12,13,37,44,7,-14,-4,-15,34,36,47,-14,5,-3,27,25,41,7,40,-4,-15,-8,33,33,44,23,-13,18,-19,36,-5
-4,45,19,-4,-14,28,40,-1,34,-13,8,32,-16,22,36,-19,-16,19,40,37,-11,-14,-14,33,-9,-13,-9,-14,42,-8,-6,7,-14,32,18,-5,-7,-2,29,-15,29,-19,18,36,-5,-5
2,42,44,-4,23,46,43,36,40,-9,26,36,33,-11,-4,19,-8,-15,-3,0,-2,38,-11,34,-15,-3,-18,22,21,-2,22,-5,-7,32,-5,37,35,40,40,-4,2,-18,21,-19,34,28
-9,3,24,35,34,-1,-7,21,14,42,44,43,-2,44,32,8,-15,21,33,37,-15,19,31,24,35,-9,-2,45,46,33,-8,-17,28,43,36,2,-2,-7,44,39,-8,30,16,40,42,42
-14,46,10,-5,-11,33,46,-17,-13,38,34,17,-13,34,34,14,26,-4,0,35,36,-8,-13,47,35,20,38,-15,44,43,-12,-4,24,31,42,7,10,37,-13,21,43,11,11,35,-20,1
-10,-17,-9,-15,-14,45,-16,30,39,-8,-12,7,31,41,40,-14,13,-8,42,19,-10,43,-6,35,-10,-11,29,-19,-20,-5,-12,-17,46,-10,42,46,43,35,21,-14,36,31,30,38,47,43
26,-6,41,-3,-20,-4,-2,43,35,-1,14,36,9,-5,32,-19,6,-16,34,30,43,44,-19,-4,47,-10,-2,23,36,-5,-19,1,35,36,13,43,47,36,-2,9,21,33,-8,46,-20,14
35,-4,-14,-7,2,-3,36,-17,-7,-10,43,33,43,-8,30,11,28,-6,-11,23,14,40,30,40,-11,34,-19,28,41,19,36,42,32,40,3,-18,-20,24,40,16,10,40,-13,34,1,33
46,5,3,47,39,-2,-13,-16,-4,-11,-6,13,6,-2,-4,-8,-12,6,-14,-11,-9,-18,-7,0,-7,26,36,-17,-11,-6,44,28,2,44,-14,-15,33,45,12,-3,36,-4,0,-19,-3,47
19,42,-17,18,0,32,44,-12,-16,43,-7,-15,23,-11,30,-18,42,11,42,10,31,-6,43,33,45,42,39,-5,9,-15,12,-7,-12,38,31,4,0,41,-14,26,-2,39,-7,-7,-12,7
-20,22,43,-18,-11,-16,34,37,22,-3,-14,12,-19,-4,9,40,42,37,43,-5,20,-4,44,-6,-2,-2,10,42,-18,32,-12,47,36,40,-9,0,2,46,-7,41,-5,44,-17,42,-12,35
47,-8,-15,-3,-12,-13,3,-5,44,-15,-15,45,35,31,-1,-17,-1,-17,15,-13,-15,27,-7,39,47,-9,44,-14,-18,4,-7,40,-18,40,-6,43,-5,-20,-11,20,41,-17,39,32,-11,21
-11,-5,-3,17,11,-20,-8,20,-3,-8,29,-2,-3,42,19,36,-18,29,-3,-3,-20,-4,29,-6,21,-2,-7,-5,5,32,19,44,39,-12,31,-20,37,-15,45,-16,-3,31,37,8,29,38
-19,34,47,32,-9,35,28,31,-9,36,14,-19,-9,-18,-19,44,47,-16,25,29,40,3,45,-6,-17,1,-3,-18,47,17,-13,-8,29,-10,11,44,-18,6,34,26,2,43,34,39,2,-19
-11,29,4,38,-17,-14,-20,5,1,33,17,-15,17,31,17,41,30,38,-17,35,43,37,19,40,-6,33,27,-20,42,-8,1,-14,30,-6,23,34,-14,-12,14,38,-2,1,-17,9,-12,39
11,-16,-11,-9,-15,39,30,47,44,-19,35,33,-17,34,-18,43,14,37,29,16,-3,39,-9,1,24,-3,-8,31,42,16,43,44,30,30,-11,5,-3,31,-9,31,34,-17,13,40,16,45
37,41,-15,30,40,4,-16,6,-3,-3,33,-11,35,23,-9,35,-5,40,32,42,-11,44,36,-9,-16,19,43,1,14,-14,19,44,-2,-4,23,-17,-6,-10,-13,47,44,40,33,16,44,23
9,35,-20,30,47,-1,39,9,9,36,42,6,16,-10,-8,46,-18,35,40,8,16,-8,-15,6,-4,1,-9,-11,32,-18,-12,33,35,41,-15,40,40,29,-15,-9,17,36,-1,37,9,-16
3,41,9,29,-8,44,-14,7,37,38,-6,18,33,37,-1,-17,-17,3,29,37,34,29,10,-8,20,35,3,-11,14,-13,10,-8,-20,-2,38,-12,0,39,-2,15,26,-5,41,-15,-8,-20
-16,9,0,40,-15,-6,-4,-11,35,42,41,46,45,-18,43,19,-5,6,46,-7,1,35,15,30,31,2,39,-6,22,-13,27,31,-9,-3,24,37,18,-16,34,-4,-7,37,32,32,47,-14
39,36,46,-17,4,34,8,-14,-4,20,37,2,29,46,-3,-6,-11,40,36,37,-5,-2,-20,-14,-8,47,-5,-8,27,-2,35,31,-3,-13,35,1,-20,19,-11,37,23,-12,28,45,34,31
37,25,-13,39,2,-15,42,18,32,-9,-19,36,7,31,16,45,38,3,34,0,-4,3,-5,21,39,45,31,-19,-2,12,19,-14,-9,-9,-9,-4,-2,-8,-10,19,37,-4,-12,9,-11,30
15,31,-9,-13,40,10,44,38,30,47,-20,14,-15,-18,7,-9,-20,-16,-7,3,-6,43,33,38,45,40,0,34,33,-7,-8,-13,-16,-14,17,-11,32,-13,-14,-10,15,-15,26,-16,35,-16
31,30,46,41,38,16,-13,-6,43,17,-15,-6,34,-14,6,-18,33,46,-19,-2,11,43,29,27,-5,-17,35,32,43,-7,-18,33,30,-7,38,5,37,-6,-14,44,-14,-9,14,31,-16,-8
40,-17,-11,-9,38,24,40,-17,30,11,47,-17,-7,14,47,37,41,8,28,-9,44,28,-20,-20,-10,-6,35,39,-13,42,29,35,29,13,-19,38,-4,1,29,-7,19,-2,-19,44,19,-8
-10,42,35,14,29,-14,-20,-20,44,10,-11,30,-8,41,-13,-5,-11,-15,37,41,-18,13,-20,-13,-4,-2,39,44,14,45,-3,46,8,-2,-5,9,46,41,41,1,-4,-18,46,-19,38,29
35,43,4,32,41,-1,1,-2,42,36,36,-5,41,38,33,-11,-12,14,-7,28,-13,21,5,-9,34,6,45,13,16,32,37,32,12,45,41,-7,34,43,37,36,-16,1,7,41,-18,-20
-10,-11,20,34,44,41,32,-19,32,31,2,-19,1,44,-8,28,31,32,-16,10,43,-6,39,37,12,40,-10,18,-3,-4,19,38,2,-13,4,44,47,37,22,-5,19,-6,-6,27,46,-19
39,45,-1,32,36,44,45,3,-20,-7,-4,43,34,47,-17,-12,-14,-16,11,-16,35,-12,42,37,38,-12,-10,-9,41,8,-18,-11,-20,45,45,40,25,-11,-9,-14,-13,-18,42,35,27,32
36,35,37,28,32,-9,-8,38,-14,33,44,-20,-8,34,45,17,-16,-8,-10,12,43,32,30,34,-10,11,34,47,21,38,43,-12,3,-13,-8,12,-10,21,19,-2,-8,11,39,21,0,31
-9,8,33,31,-11,-20,-3,-9,-14,13,5,-16,20,-20,-3,29,-13,-11,23,40,-4,36,-2,-14,-18,10,-18,29,-12,14,36,10,4,40,30,-3,44,6,-6,-8,24,37,-10,-13,-5,11
7,39,36,20,-16,47,12,41,-10,-5,-12,-17,36,37,2,35,-8,42,-14,37,-11,37,44,-16,4,32,33,35,-10,1,-20,35,-6,39,38,33,-15,40,4,46,-19,14,-3,10,-3,-2
31,41,41,46,45,18,-10,35,30,9,46,32,39,17,37,47,37,-10,32,-12,-3,11,-11,7,1,-14,25,33,-20,18,5,42,1,47,39,31,-15,-8,34,45,-1,31,40,-5,-5,-20
46,-1,-9,30,-4,7,37,40,36,38,39,-2,-9,1,5,30,47,-12,-9,-8,33,24,-9,12,-4,-9,29,-13,30,-16,29,-10,31,26,44,40,43,-5,37,14,35,34,21,35,-4,6
20,-17,-19,-12,-14,26,20,-12,-19,1,4,-4,6,-19,-9,47,-2,-4,2,33,-3,29,26,45,-4,4,29,24,-18,-18,-14,35,-15,-1,9,-12,-20,23,-3,-3,-16,-17,-5,-17,44,-17
2,-8,33,-6,-9,0,-13,20,47,36,30,-16,-14,25,26,-20,-10,-6,-6,-10,-1,41,33,-17,-18,37,38,42,29,-16,5,38,-20,-15,-3,-11,38,33,37,46,8,32,-2,2,10,40
-18,-16,-10,33,-16,20,-5,2,-18,43,33,46,5,-17,-19,21,33,29,-18,44,-3,7,25,-4,45,-12,-11,-16,30,-9,21,-3,-13,-11,-18,44,30,-4,17,47,41,37,31,-6,4,-14
-10,-6,46,33,36,13,22,-10,-15,-5,9,-5,-4,-4,-15,7,-3,26,-2,23,-1,29,-7,-9,-15,39,22,34,31,3,44,26,36,-11,43,9,-10,-16,30,13,20,31,4,40,-8,-6
-9,14,26,29,-5,29,-4,47,-15,18,38,-10,-10,32,-6,-2,-2,29,-8,-2,42,-9,8,31,34,-18,46,16,44,25,30,1,36,45,-20,42,2,-12,-5,42,-3,38,20,-4,25,47
32,17,-8,14,-18,39,-12,21,0,41,-18,38,-6,40,8,36,31,-15,41,40,8,-6,20,45,38,44,-2,20,-11,-20,-12,1,-16,-11,-18,1,6,-17,-5,30,-5,-18,34,4,-9,4
46,-18,35,-12,41,-4,-16,0,32,-11,30,32,-3,-13,37,34,37,12,-7,41,29,-9,-19,-19,45,2,-1,30,-14,29,43,41,4,43,20,-8,24,38,-2,15,-3,30,7,39,44,4
-13,-17,-3,9,-13,5,46,46,-20,46,10,38,35,39,21,43,31,42,-8,6,45,16,35,39,41,8,33,-15,33,43,-17,-19,42,45,-9,21,44,42,-2,-6,39,17,-14,23,2,-20
-11,-11,-5,-2,-15,-18,-6,-2,42,33,45,-13,40,-4,-13,13,-16,42,47,16,41,-3,4,-10,30,-1,36,25,-10,-2,36,4,37,45,-10,-2,43,41,-5,23,-8,1,31,40,-17,-4
47,29,-3,-17,-2,31,25,-4,32,-16,-7,-18,-9,5,31,0,-17,31,-16,-2,24,35,-10,6,-4,15,-2,13,-20,-20,5,-4,-9,30,45,41,-10,45,31,-12,17,43,32,-19,-18,-11
-8,-9,-6,47,9,-11,-2,-14,-11,-14,-11,2,27,40,13,-7,37,34,45,-12,-3,-2,20,30,19,43,41,41,3,47,44,0,-5,-14,24,45,3,-19,-10,41,34,36,47,33,-14,4
34,47,-2,30,14,-15,26,-20,0,-5,-9,-5,-16,21,-17,15,-10,35,38,-16,21,-17,-7,-14,-18,39,37,31,38,45,-13,47,-2,-11,37,-15,38,-1,-11,-12,44,17,14,40,34,44
-20,2,39,14,-10,39,-5,-17,-14,43,-7,0,44,13,-20,26,10,31,12,-8,42,-19,-19,44,-15,-17,45,42,-16,37,12,-9,36,5,12,-17,-17,39,-6,23,-9,-7,8,-16,-3,22
-12,1,-4,47,-8,35,-16,20,31,12,25,30,38,33,32,-16,-14,39,-9,22,43,-16,13,-6,-10,30,42,-3,-2,2,32,25,-18,33,39,8,-14,-8,-6,36,-1,-12,10,36,45,2
11,-15,15,45,24,-13,-19,30,42,10,41,-10,-16,18,-6,1,-18,-11,-14,-5,-20,35,-9,-2,35,-2,-2,-11,-20,-10,40,-17,11,45,-5,13,35,-12,4,-16,44,41,44,40,31,-8
-15,-5,34,-12,11,-5,26,-15,-4,19,43,14,39,-4,-9,-3,-13,22,-20,17,18,-15,36,19,14,-13,9,-18,3,33,-5,7,-17,9,24,35,30,-15,-3,34,-18,43,29,38,-12,-16
-11,40,46,22,19,39,-10,45,-6,23,31,10,47,-18,15,46,24,42,25,-13,39,-15,32,33,-11,40,-7,46,40,33,44,-19,45,27,-4,47,22,43,31,-4,-5,45,-7,-8,42,46
7,-6,-19,31,45,46,-16,29,47,4,18,-7,45,-7,44,41,10,47,-5,41,20,44,41,33,27,35,32,2,43,-19,39,8,29,2,30,-2,-19,26,-6,30,45,-8,33,31,-15,-1
-2,36,5,34,9,-17,27,46,-13,38,-6,15,-5,-10,46,-4,39,22,37,-19,45,-18,30,24,47,-3,6,44,-17,35,41,-16,31,3,-9,32,-8,5,24,31,46,32,26,36,30,37
-11,-17,31,33,-10,43,-14,34,-12,42,-3,8,-4,28,-6,-9,13,31,39,42,-10,43,-12,-12,18,-16,-9,43,-8,39,46,-20,26,46,12,-14,25,-14,-2,-3,43,-17,-16,22,8,36
41,46,-19,-20,42,21,43,30,43,36,42,-19,0,43,36,-1,40,-20,30,35,-16,14,33,-19,2,30,-9,-1,24,46,30,-19,-17,30,-4,33,44,7,45,-10,-2,26,29,33,-10,16
47,29,1,45,-4,46,-11,-18,46,-13,38,11,42,26,-18,41,37,-2,37,46,15,-16,-15,-11,18,-7,36,4,44,43,1,40,21,-17,44,37,46,-17,32,-4,33,6,42,45,-17,32
-5,32,-17,38,-18,-9,-12,32,5,-6,-4,-11,37,-11,-1,-5,23,29,-9,16,41,-4,34,4,-10,12,47,20,-3,19,33,6,-18,-10,-12,29,-12,-8,29,26,42,35,36,40,47,32
47,1,29,38,41,-2,33,-13,-15,47,36,-10,-18,32,2,-6,-1,37,0,-17,32,-16,31,-10,-14,29,-2,44,33,46,11,43,4,-20,-6,24,-10,-1,6,32,-7,-20,39,44,46,24
-18,19,-7,20,-12,32,39,42,-19,35,-6,-4,22,34,-3,-4,-12,41,-5,30,42,5,-17,-11,2,35,-14,29,16,41,41,5,44,-3,30,43,37,-17,-15,19,19,34,40,7,35,17
-4,-15,-5,-5,47,24,46,-14,-3,-11,11,-19,38,33,-11,-15,-10,27,0,-2,25,45,-1,40,-2,2,-7,-9,30,16,35,29,44,47,-11,19,32,41,26,46,26,-18,-15,-11,44,2
32,3,1,35,29,3,38,33,3,31,-13,34,-3,-5,47,11,-15,27,20,30,43,23,-13,-11,22,35,47,-19,47,30,38,-19,28,32,3,30,41,12,-4,45,45,29,-19,31,31,-4
15,-20,-16,8,-16,7,-12,6,-3,45,-5,32,38,39,-6,47,35,22,4,-11,41,24,36,17,47,-7,21,-18,29,7,-6,38,33,42,11,-3,-2,-19,44,-8,-4,28,-15,19,1,-2
-5,32,31,24,37,39,40,20,14,30,38,41,31,-8,-4,30,23,-4,40,44,33,-12,-15,42,36,28,-3,31,-8,34,-3,-1,-3,-6,9,34,-13,24,-3,16,-18,44,-5,-17,31,-19
25,33,33,43,25,-7,45,-13,47,31,27,47,35,1,-15,-4,0,39,-16,14,-8,-6,-11,-2,4,39,-18,12,47,17,36,45,-15,42,2,46,-19,-16,-17,36,26,-6,-10,38,-5,38
46,12,33,47,-17,14,-18,-17,30,34,-5,2,-11,4,35,-19,2,-3,-15,38,31,19,-5,45,-16,5,-8,-16,29,37,31,-5,44,19,-5,47,-14,34,-12,-20,-4,47,22,41,34,3
25,-2,22,37,-17,6,-7,-5,25,45,-10,-18,-20,-9,20,35,-18,45,42,16,-20,46,32,-14,29,-4,32,-3,25,-3,18,46,9,-17,-2,-11,18,-6,16,-18,2,36,36,22,43,4
40,37,35,20,-5,-6,-18,47,-18,47,-15,-15,-16,5,-1,-9,-7,47,33,-12,36,4,-4,42,42,36,-16,-11,22,30,-13,28,-20,1,-19,-16,24,-9,-12,4,31,35,-3,-10,43,-9
36,26,33,2,35,34,0,-16,30,36,11,-5,31,-10,45,43,35,-4,45,-17,0,-16,-2,-19,34,-18,44,43,43,32,-7,-2,28,37,-10,-8,46,6,-9,31,35,37,47,38,3,43
27,-3,35,-8,-7,27,10,35,37,-14,-16,10,-17,45,42,-19,-11,29,46,-3,-6,38,47,12,41,-20,43,26,-3,44,-10,-4,27,-14,-5,45,1,37,39,-13,34,-20,9,41,-18,24
-1,32,33,-15,41,7,-14,-18,47,25,10,39,27,29,-16,30,1,-15,3,-16,45,32,20,-2,-15,36,15,-6,-19,40,41,-19,37,38,29,-11,32,-16,22,-11,-17,-2,-8,-1,25,32
-13,-7,-5,-11,-20,16,36,34,-12,12,-16,7,-8,37,28,35,19,43,38,-3,-2,43,-3,-20,43,34,38,-8,19,-5,27,46,44,-3,-5,40,46,32,46,-15,-2,32,47,-10,3,-9
9,46,37,-5,46,41,-16,41,-8,32,-3,-20,-11,43,-19,40,4,-7,-5,28,-8,-19,7,47,-13,3,-2,-18,14,42,-10,43,-4,26,30,-15,43,-9,36,16,-5,32,42,30,19,32
-16,18,37,34,-5,43,45,-18,17,44,-13,-10,-2,30,-6,33,42,26,-7,5,4,-14,-7,-3,7,-12,43,14,-18,41,27,-18,-9,25,-13,46,7,29,1,35,18,37,22,-17,37,37
-19,11,-16,9,-11,34,-17,33,29,-13,-9,24,36,36,44,19,-15,30,-16,31,-11,9,-3,38,-18,43,-8,17,37,28,40,-15,35,-12,46,45,29,-10,-2,12,-18,0,45,-19,5,34
-14,28,30,45,-14,-15,35,-3,35,27,-14,-10,12,47,22,-20,35,30,-17,42,24,-3,31,33,11,37,-20,-12,15,-19,-17,-20,-14,-19,-19,9,32,-20,-11,20,-9,39,1,-10,34,-7
32,-17,34,-12,31,40,-18,33,47,38,12,30,34,-20,-1,29,44,22,-14,-17,1,-10,38,-16,-10,-10,18,-18,-7,31,33,34,40,0,30,41,-6,38,-9,-6,35,-6,17,-4,3,-16
-13,-8,-15,11,3,38,-9,14,15,36,39,-4,5,31,42,42,5,-16,-16,-5,-2,37,33,14,-9,-8,-10,35,12,-7,-7,30,18,35,-12,12,38,-5,12,39,40,-9,-7,32,-14,8
28,46,40,41,-9,10,47,19,-5,40,22,-11,46,9,-10,32,41,35,-8,45,-6,44,-13,35,38,34,-18,46,35,-11,19,-12,-17,22,-5,43,-2,14,-13,20,-13,13,20,42,0,-17
33,16,44,27,-8,31,18,47,-19,15,-12,14,-3,42,19,36,-4,25,39,-20,7,-7,-9,9,32,41,-15,2,-16,9,29,-15,-15,-8,3,-14,38,-2,42,37,34,-1,15,-4,-7,-11
-1,42,31,3,-3,-4,20,39,36,46,41,45,-9,25,36,46,32,45,35,-9,-14,-6,-17,21,-3,-4,-3,-17,-15,41,-5,-13,41,34,25,36,40,41,29,-15,-11,-4,-8,-14,46,22
-12,47,40,29,31,25,9,31,-2,29,7,-15,23,36,43,18,32,-20,38,45,-9,-15,34,-10,37,-1,-12,45,-6,28,-10,20,25,-9,43,-11,47,21,-9,47,31,-8,9,36,28,36
7,-15,-16,37,-16,1,-13,35,-4,28,-8,-15,-12,1,47,-1,47,7,1,45,46,35,40,-15,45,17,26,41,-3,10,-15,0,4,-8,-5,6,34,33,38,33,44,40,43,42,-10,-19
0,-10,44,39,40,10,37,34,30,4,27,-10,39,17,-13,-19,29,11,31,2,27,39,-7,-11,33,-13,47,20,0,-7,1,44,31,40,-7,-3,44,26,-20,-7,-15,47,-17,46,47,24
-6,-2,12,-11,0,41,-19,30,39,47,43,33,-16,14,28,34,-18,-20,23,-20,-10,20,-1,-14,32,38,46,27,-8,-15,31,1,-17,-19,21,-6,40,-13,10,-14,41,-15,-15,41,-3,-6
11,37,38,-20,10,34,-3,16,-9,34,39,-11,-15,8,9,-4,44,47,9,-20,-9,42,-5,29,45,19,-9,21,43,23,44,21,5,-3,41,41,38,-2,-14,32,42,7,-9,-19,-7,-9
38,29,39,-10,-11,43,-4,12,32,19,4,40,-11,-11,-12,9,23,-6,35,-2,27,-13,-8,-11,21,-3,-7,26,38,-9,44,37,31,39,-2,-5,12,-18,39,29,35,-12,17,-18,42,-12
39,15,47,-17,23,-13,-12,43,-9,-16,45,-1,27,-20,34,-15,-15,19,-6,32,-17,-4,-14,1,6,-2,-8,6,7,-17,33,-17,-11,-12,-7,35,18,-7,46,-1,43,-5,-5,46,-19,-17
-6,-5,2,-12,39,42,46,3,21,-16,-4,-12,32,26,30,30,11,42,47,37,-17,44,32,29,30,47,40,11,36,3,38,34,-18,-19,18,-12,21,-7,-17,46,-20,-5,25,-6,17,-13
35,-17,-3,23,31,28,47,45,38,25,23,45,34,37,34,-6,-19,12,-3,9,11,-11,47,16,-10,0,47,37,-15,32,-3,-5,46,42,-15,-5,40,47,35,-1,24,-14,28,36,20,30
1,-15,30,-10,36,-3,-7,22,15,-6,20,42,-7,11,-15,-12,45,46,42,24,13,36,-11,-15,41,1,-17,-2,3,-4,-18,-5,38,-16,-15,-16,25,46,6,-4,23,-2,7,42,-2,-7
-6,-13,-18,30,34,-17,-6,16,-3,28,45,46,30,-5,46,14,-8,-16,-3,41,-15,-3,37,31,-15,41,31,17,-2,-3,-3,13,6,44,-7,2,1,38,38,-19,14,47,45,-16,31,17
27,-3,-20,4,-11,47,-11,39,39,2,44,-6,-1,44,8,47,-13,-6,-13,21,-19,35,26,46,27,-11,43,-16,-15,42,39,9,-9,-4,33,2,17,29,37,6,-5,45,9,-2,-18,46
-2,14,27,46,36,-12,-15,37,-11,45,-10,12,41,7,36,19,17,31,29,-10,30,-12,36,-16,34,25,17,-9,-9,-19,45,43,39,-4,45,47,6,39,46,46,44,11,31,-17,44,38
35,21,-8,4,47,-12,-19,-14,34,-10,2,42,-2,44,14,42,42,-5,33,40,24,-5,-4,37,-8,26,24,-4,-18,16,41,39,40,41,1,35,-13,-14,33,45,-3,10,1,-17,-10,30
12,-17,-18,18,-17,1,25,44,34,-9,43,-12,-10,41,40,28,-11,40,-2,43,38,23,29,40,-2,16,32,-10,-15,41,36,25,-20,-12,40,-16,20,-18,-2,23,29,-3,20,40,44,11
2,29,28,45,-7,-17,43,-5,37,32,40,47,-15,46,13,44,-5,-20,33,-12,-10,-16,44,34,-17,-20,38,28,-2,35,-8,46,46,33,-11,6,28,-10,-14,-3,7,36,-18,-11,9,41
-15,45,17,-14,-2,34,-15,-18,-20,18,32,47,-12,-2,-11,-6,-14,44,-11,-12,37,-18,-16,-15,32,-4,-6,-11,30,-9,-4,-12,-8,34,19,-7,-13,-10,16,47,-4,-8,0,-3,44,-1
22,43,39,-18,-16,32,23,35,30,29,35,-9,-3,33,32,-18,-9,32,-7,31,-3,47,-4,30,-17,37,16,41,30,16,5,36,-3,-15,-19,7,-6,37,44,2,-12,-19,10,43,29,40
19,-13,-10,41,44,12,-17,45,-10,41,13,-10,-16,15,-4,19,-18,34,-10,-11,-17,-8,24,-3,33,-17,36,37,28,-8,-18,20,-11,-16,34,29,44,46,39,46,42,36,-12,8,44,-1
-14,45,34,24,37,9,-18,41,33,2,47,25,-18,-2,46,42,29,-12,31,-7,-10,44,40,4,45,39,-3,13,-16,-3,27,-13,15,39,29,-3,-18,9,32,38,35,-6,40,-2,43,38
29,-10,44,-13,-13,43,-8,29,30,-8,42,-3,-12,45,43,42,-4,-11,-3,17,0,-3,36,-14,-6,37,42,-13,32,8,-19,-7,42,-12,-20,8,30,-20,-9,-6,-15,-6,38,40,42,31
25,-2,-12,18,39,43,8,-13,30,-4,-16,23,-13,-17,14,29,-12,-9,28,-17,-9,21,41,35,43,30,-19,35,35,-15,41,45,47,21,2,34,8,45,38,36,29,25,-2,40,20,-20
35,-15,45,14,45,42,31,31,29,42,24,47,-16,7,34,18,37,29,7,45,-18,38,-18,-5,-10,-11,-18,-13,40,-7,-20,-3,46,4,-11,29,2,29,40,35,32,29,14,44,38,33
9,31,46,-19,-11,-9,32,17,42,47,16,30,-5,41,15,-5,-13,8,38,31,31,38,10,39,44,-16,-13,-3,-2,13,0,29,47,45,-16,22,0,-17,45,1,15,-9,17,-2,28,-18
33,33,43,39,6,-13,-16,-6,-9,38,-20,2,-16,-10,47,34,17,35,-3,6,38,-19,17,29,17,-12,40,45,-15,27,36,-16,-13,-12,-10,40,45,37,-5,8,45,-15,37,-7,36,20
-5,47,13,46,-2,34,-12,15,37,44,36,-13,47,22,-17,21,-3,35,43,42,45,-4,46,-8,-5,45,-6,20,29,42,31,40,35,-4,45,47,-4,31,2,46,41,36,-8,33,47,-13
-2,39,10,38,-7,23,-2,-1,9,46,31,29,44,-3,-8,47,-20,-17,-14,24,-10,-19,-16,43,-9,5,-17,-3,-5,-14,34,44,41,32,43,-4,14,47,14,47,-16,18,-7,-17,9,-19
2,-18,29,-7,47,3,9,-10,-7,31,-14,45,40,29,33,-2,28,36,47,23,-18,-3,-12,12,36,9,-3,20,-10,-13,13,-18,-9,-10,-19,33,3,29,38,-2,37,3,-6,-15,-16,-10
31,5,6,29,13,29,33,1,43,47,34,22,15,-20,-19,21,-17,28,11,-9,-13,41,15,46,24,43,-12,23,-18,31,-15,19,47,-17,-15,-15,44,-15,33,-9,15,-3,-15,-6,-8,21
47,33,19,-6,41,-19,-12,-20,43,-11,3,-14,-7,-3,-15,5,-17,-4,-19,42,-6,40,-8,-5,-17,16,-10,-11,-5,-16,35,-19,14,-6,37,-16,44,-10,-18,-15,-15,28,-16,39,26,39
-18,-14,42,-14,-12,35,42,46,34,44,30,-1,34,34,25,42,-7,-14,13,-16,-4,-4,-7,37,33,45,22,30,15,-19,9,-9,27,35,-20,-16,43,-5,-15,44,42,-4,-16,30,47,37
43,43,-18,45,-8,39,-3,-16,-9,20,31,9,17,-9,44,-18,44,0,39,17,-14,40,-19,32,-1,30,-12,33,34,41,33,37,30,39,-3,1,-16,0,20,35,39,-4,28,40,-7,12
46,32,33,-5,-8,37,-17,39,-15,39,16,-16,38,-8,31,-4,-20,34,-9,3,15,38,3,33,43,-18,27,36,46,32,-2,37,31,7,-6,-19,-6,6,30,-17,34,-10,45,-14,-3,10
-5,-2,42,17,-11,34,43,13,22,38,-20,-20,36,0,-14,45,-17,37,42,-20,-14,-10,28,34,28,-10,37,7,34,7,-13,7,-9,3,41,27,-8,44,45,17,22,-14,-4,23,-11,12
-18,35,2,-10,43,2,40,3,-8,-13,30,0,32,-12,-14,40,42,-17,16,41,36,30,45,9,38,45,-8,39,-2,-12,-6,47,37,21,42,-7,-7,39,-4,-9,-6,-8,32,-7,47,23
35,38,46,-17,-12,12,20,-4,44,44,31,8,-5,-6,-7,16,27,43,32,33,30,-6,-9,-12,34,-14,36,-16,12,31,-5,30,-2,8,1,29,-8,-9,30,34,28,-12,37,11,26,-18
17,-11,25,40,-4,-6,-5,1,37,1,-11,26,15,-14,-5,0,16,-4,-7,36,-6,34,-9,4,29,32,-4,11,43,-13,35,12,29,0,14,-13,-3,3,46,-20,-7,-16,-8,-8,-18,-2
47,-8,-11,33,19,-19,12,-11,-7,-8,9,-6,39,-1,19,45,17,38,8,35,36,28,16,47,46,-16,41,-20,39,11,31,28,-8,44,37,34,42,39,-5,31,-7,-15,-19,-5,38,-20
46,42,-5,11,-8,38,31,41,29,31,34,-8,5,40,26,41,20,-8,33,34,41,42,46,20,-10,-19,9,29,21,-12,37,38,-12,5,39,-18,17,44,40,-7,-19,2,-16,21,46,41
5,33,42,2,-17,6,5,-14,35,42,11,45,38,38,0,38,-2,13,-18,27,-6,37,-10,-18,-13,25,2,-8,-17,-20,-6,-20,-3,5,-20,36,-6,-10,46,-8,-20,-10,-15,35,31,43
-16,-18,-11,32,42,-3,35,-3,-7,11,-5,31,-19,-16,-17,34,0,43,42,42,-4,2,45,-3,37,-17,44,25,18,-10,31,45,25,33,-10,46,32,22,29,-18,-2,39,15,-20,40,27
-7,-20,34,-10,-13,-17,20,42,-5,38,-8,46,34,19,12,47,47,-6,-19,26,-11,11,-5,26,9,33,-19,-17,39,-19,-3,15,-12,29,33,5,-2,43,-10,-17,46,19,-6,-4,-14,-13
-13,37,39,37,21,29,17,-4,-6,35,-16,15,2,36,31,39,9,40,47,-5,-6,-17,2,-7,43,-9,-7,7,39,-8,-15,46,23,-19,36,26,12,40,-8,-2,-14,38,-17,46,37,26
-20,6,26,47,31,43,37,36,-12,21,18,-6,5,-17,-14,45,15,45,38,26,-5,31,10,-20,-18,14,40,-3,-5,30,44,38,39,-20,-16,26,4,-6,-4,24,46,31,40,-9,-10,24
44,-17,-4,37,-10,-2,-7,-2,29,15,-9,8,39,47,29,47,0,43,-18,-18,42,41,45,42,42,38,27,46,40,-18,-4,-3,-7,29,36,-13,-3,4,31,-2,7,44,-20,-12,11,30
18,-13,41,46,-6,36,-19,18,43,9,-2,21,28,-18,-13,-9,-20,44,-18,40,41,40,17,-10,4,-7,41,17,9,44,41,-12,47,34,10,35,-20,47,44,23,-3,43,14,38,-18,-15
-6,28,33,15,-15,-9,42,-5,18,40,20,42,-19,44,29,37,-6,37,-3,-16,20,46,29,-3,-2,13,-14,25,40,29,17,33,37,-19,-3,-3,-12,10,42,12,45,32,-5,-19,-2,15
32,-14,22,45,-17,-5,41,20,24,44,46,36,-5,-3,-2,31,9,44,45,-12,-16,-6,32,47,-13,10,-15,26,42,-8,31,-20,44,35,14,-11,34,-5,-17,35,9,-11,35,-2,47,35
-14,45,20,47,-14,-3,-2,9,31,11,-20,-3,-4,-1,-17,-3,-14,37,26,30,12,31,34,-15,41,39,44,17,-20,20,2,36,42,-3,13,44,-14,15,43,30,-2,40,3,38,-16,40
-12,8,-13,29,23,45,33,24,31,34,36,-2,-15,-19,39,-15,-14,-18,-7,44,31,16,9,-13,-12,-18,42,-3,-7,-10,47,37,39,41,-12,2,42,38,35,46,32,46,7,-2,36,11
42,31,43,-20,42,10,-7,12,33,37,41,3,-4,30,35,31,46,14,35,-14,21,29,-4,9,13,42,8,-4,8,-12,-12,-6,-4,-19,40,-10,-7,-1,17,-18,35,6,-13,-5,14,40
-6,31,-20,34,-12,15,-6,20,46,-2,30,-18,47,37,-20,-8,7,-17,44,42,41,-9,41,-15,24,-16,9,-7,-6,36,-19,-4,7,29,-14,22,2,34,-11,18,-11,40,14,47,-6,-16
40,-5,-18,32,41,29,-11,42,-20,18,-18,18,-8,0,33,13,-2,38,-6,8,37,-5,34,-9,-13,17,-13,34,-20,14,22,-6,-5,-1,-1,29,-7,-5,25,46,-9,27,37,26,20,31
-10,25,-3,39,18,-10,29,25,39,25,-19,41,23,-17,38,7,-15,11,45,36,33,-15,29,33,15,36,-2,38,-11,29,33,-20,-5,40,46,35,17,-20,40,-13,3,38,47,33,39,-17
-5,8,47,-7,-17,-7,-20,1,-14,-8,43,30,0,29,24,40,47,2,-14,13,34,-17,47,17,16,43,40,38,-20,-20,14,33,18,-11,26,33,-12,-15,33,24,-11,38,-7,27,39,-11
8,-10,-3,25,36,1,-19,31,35,20,44,15,3,-12,38,1,-5,25,-8,13,20,45,46,-1,-2,29,38,42,-3,-7,44,47,31,47,40,13,40,46,30,1,38,-6,-8,21,36,25
25,-4,-14,30,40,-5,-20,1,-4,-10,6,-20,-4,40,-19,43,30,21,-12,-13,45,-17,9,-9,7,33,-9,31,-4,-9,31,-17,17,34,46,34,-9,38,-4,40,26,-10,32,40,-20,31
-11,-16,5,-11,-19,-15,-6,30,47,-3,40,-4,-7,31,9,30,-18,30,-3,32,-13,-1,29,44,45,3,-7,40,34,31,38,12,-17,43,2,42,44,-19,-6,11,38,18,34,40,-19,-2
-15,-6,37,12,35,45,6,41,9,32,-17,32,-13,31,18,-2,-16,-19,-17,-12,-4,-19,32,30,33,6,40,-11,-19,-13,-6,17,46,-1,-17,42,34,29,29,1,-4,-3,29,34,14,-17
0,37,16,-17,-19,-6,39,1,43,5,5,37,-20,30,10,37,44,-9,34,33,0,-19,38,-12,35,-7,37,39,41,42,-14,44,45,31,12,-6,-16,37,18,-8,-9,-10,33,30,-3,-11
-3,24,33,44,43,29,26,-3,-3,4,38,47,29,-6,-4,-18,31,-12,20,47,32,42,-20,-2,2,-8,-15,39,32,-5,34,-6,31,-16,25,40,-14,6,42,14,-8,-12,12,32,19,31
24,-2,-9,-14,43,39,43,-15,14,31,-6,17,-6,28,-5,45,-7,-14,29,-3,-3,15,-14,9,46,34,34,-2,47,24,45,43,38,-20,-9,45,-9,46,10,44,40,-4,-20,16,34,39
4,31,40,9,7,35,22,-18,-6,-12,1,38,47,-10,31,34,40,22,31,-14,39,40,45,-1,-20,-10,34,9,-9,-7,-9,36,-6,13,20,-14,37,-3,-15,41,46,-17,44,-12,-4,-3
41,21,-18,47,40,45,-8,15,-7,44,38,19,42,25,29,-7,-16,-7,45,11,9,42,37,-14,-13,22,39,-6,28,-17,39,14,37,9,-4,46,-6,34,-7,37,-3,41,39,38,42,36
-17,-20,44,-20,-20,34,-10,-15,6,38,36,12,34,24,41,-20,26,31,-7,20,42,-3,23,34,32,47,33,-7,-6,40,9,29,-12,47,38,-14,-9,-5,33,29,34,-17,46,-17,35,-6
25,41,-10,11,47,-20,39,-14,2,-13,47,-8,33,39,-4,-17,-16,-3,-14,3,30,-12,43,-18,4,43,36,-17,-3,6,37,-7,34,-12,-4,20,33,14,15,37,-13,-18,-10,-13,32,47
-18,-9,46,13,-9,1,-10,6,22,-7,-3,1,19,41,-5,9,26,30,12,47,-9,46,-11,-4,-18,-16,-11,-12,-6,1,35,33,-12,27,-9,30,20,32,34,-2,36,-12,46,25,-3,2
44,15,36,11,17,-16,32,24,-7,4,5,40,44,-10,-16,-4,-4,21,39,40,1,-17,5,-9,-6,-5,31,38,-13,-19,-14,11,0,38,37,-18,-3,45,44,41,-11,-8,45,-15,34,-19
-18,-7,30,36,-3,7,-9,30,41,-9,-6,2,-10,-9,31,37,34,47,-2,38,-4,47,37,32,41,-4,43,23,-9,21,21,37,-13,28,-16,38,-13,-3,-18,26,4,31,29,41,-8,11
-19,38,41,1,25,-9,21,47,-2,21,-7,1,-16,40,32,34,39,-3,28,-10,1,43,2,43,43,7,-20,-6,41,39,44,-4,35,32,-20,-16,45,-18,-8,39,-13,46,19,45,5,-20
8,-6,46,41,-3,-6,31,37,40,15,-10,30,-17,-7,3,-10,-14,-17,14,41,-12,-6,-6,47,-18,43,38,27,40,34,-4,-15,-15,46,36,46,-11,31,0,-14,17,-9,-11,39,-17,-1
-16,-3,27,-11,35,-15,45,40,42,-18,42,34,41,37,-4,6,-20,-15,15,-7,23,37,45,44,-12,-13,21,-3,41,-10,39,34,22,-17,-4,25,47,14,15,-9,44,29,-4,13,22,44
38,17,31,11,38,40,17,47,17,-11,-4,1,45,-20,-20,-8,-3,-20,40,39,25,40,45,11,35,11,31,-5,44,0,33,16,32,13,-19,29,46,13,23,-20,17,40,-5,36,38,-4
-19,-4,16,46,41,40,-12,-2,13,39,39,-12,-10,-1,39,38,10,-3,34,34,22,35,8,33,-18,1,-8,15,-9,18,-2,-10,40,-14,-19,40,-6,-5,23,35,26,40,45,35,43,2
29,21,10,-18,34,11,6,-15,44,8,1,-8,37,-20,18,-17,15,-16,-19,33,31,-12,-2,38,33,29,39,6,-14,11,-7,36,-2,-19,-8,37,-8,37,-14,26,17,-16,-20,23,41,17
45,-16,-19,36,46,4,-17,43,31,-18,45,33,-4,40,-16,10,19,35,31,46,45,-11,28,-3,41,35,43,25,-15,37,31,31,37,-17,-19,37,-1,40,-12,-4,5,-15,-5,45,41,47
38,27,30,33,46,-18,-18,38,-17,38,37,-17,28,-4,44,-8,-5,-6,5,39,36,31,-16,-17,41,42,14,-11,13,-6,40,-3,-3,38,2,46,42,44,-6,21,26,36,-12,34,14,-4
12,42,-20,2,46,34,29,37,42,38,-13,24,31,3,15,-20,-11,33,-2,-15,46,8,-4,-3,47,29,-14,47,-9,33,-17,30,34,42,-15,0,27,45,-12,8,23,43,-13,22,29,33
31,36,-6,-9,37,15,-13,-9,-19,42,29,-8,30,32,-3,16,-19,41,41,-3,-20,46,13,45,44,32,34,33,-11,29,-3,-14,40,-4,-7,41,38,-4,35,24,-15,-15,41,-5,-15,25
30,37,-18,37,42,-16,29,37,38,-2,35,15,35,40,16,41,37,-8,29,-10,16,36,-16,-16,-8,-1,-9,5,-17,22,0,-3,1,-13,-10,11,5,-11,40,44,44,11,-8,-20,34,-3
29,38,36,-12,38,-11,-17,-19,12,31,44,24,-11,45,23,41,29,21,-8,-4,11,-9,43,39,3,-9,-13,-4,37,26,29,-5,37,-10,16,31,43,31,14,-5,35,9,7,31,-12,-12
38,0,26,-13,-6,33,-18,-7,42,33,34,39,26,43,-1,42,-18,29,40,33,30,17,20,37,-8,-16,36,40,-18,46,26,-7,43,37,32,7,-8,35,-9,43,-8,32,41,4,29,-19
21,42,-15,-12,-10,43,-3,42,45,0,-18,2,14,-14,-14,15,42,-1,15,41,32,30,-16,-12,-16,-2,47,-16,43,44,6,46,23,36,34,-3,4,45,4,-6,38,-4,-20,41,-11,34
26,-8,37,-19,-3,44,31,42,45,-3,30,13,-15,3,28,-15,-8,23,-2,-12,-5,-13,-4,32,4,-18,11,-16,45,2,34,12,-15,39,32,-14,39,-3,42,-10,47,0,41,-10,5,32
-2,47,30,46,-8,23,47,-19,34,23,-18,-17,44,-20,18,36,-19,36,36,-4,33,3,36,-13,-11,46,-12,20,32,-13,0,38,41,17,-6,19,-5,-13,35,-19,10,-15,1,44,-12,46
46,-12,-7,33,28,-15,-14,30,14,46,40,41,38,-5,-19,4,-2,11,43,-11,37,-2,1,40,45,18,-18,6,3,-5,34,41,-11,-15,42,-13,-19,-10,-17,-18,36,-19,33,45,-20,-11
-8,42,-9,18,32,-17,36,47,37,44,27,41,-16,-14,-19,31,8,-17,18,38,-17,-18,-14,31,-16,28,33,22,37,-15,35,-18,-14,-9,31,-11,35,-4,8,-2,33,31,-9,-14,0,-3
-15,42,-19,39,38,-2,-11,44,43,-7,35,38,27,40,-9,38,14,-5,38,-12,-3,-17,40,34,-20,-18,1,36,30,15,30,-4,-11,-3,38,-20,0,-9,-12,37,-17,43,29,34,36,44
-11,-11,44,41,-7,18,-16,-11,-18,16,38,-7,45,43,29,-7,35,2,26,47,-15,33,0,-20,-4,46,3,-2,-3,43,-16,-19,33,-16,-9,40,30,30,-8,1,28,-15,30,18,42,-16
34,-18,13,31,16,46,-1,32,-16,-14,46,17,46,42,37,40,40,-3,6,46,-16,-11,-6,43,35,38,-3,25,-7,-10,37,20,39,16,-3,47,-18,-17,33,43,-4,-15,31,3,-15,-17
-11,43,35,-2,-7,-19,30,-19,16,32,-20,47,29,-15,-20,21,-20,-10,-15,16,1,36,45,-15,-9,33,-9,4,-6,2,46,33,-18,17,-13,-3,34,-5,3,32,-7,-20,-3,-18,27,-13
34,0,32,35,-13,24,-6,-11,-3,3,-13,35,19,-13,30,-17,33,41,-3,-18,30,44,-15,-2,40,27,-4,16,-9,42,43,-3,-11,36,47,-7,-4,39,19,-14,14,-13,-8,-10,38,47
19,-12,-12,47,31,29,41,-9,-3,29,-18,-19,-13,-2,-11,44,44,21,14,-2,42,-7,46,30,10,44,-6,2,-4,-9,-2,-2,-4,36,14,-2,40,36,-15,-2,12,-13,30,-2,-17,-16
35,45,-16,23,20,30,21,-20,23,-6,-11,39,-16,27,43,7,-7,-17,-8,5,30,40,13,31,-18,-15,-12,30,-13,21,-1,-7,-18,-6,6,36,29,5,24,30,26,-8,40,-6,44,40
-6,-15,47,-4,16,39,18,-8,5,37,32,-8,-12,44,41,31,43,37,46,16,-6,41,-17,-10,43,-15,-14,8,30,44,41,-11,-16,-16,-9,29,-17,-18,-19,40,38,39,-8,38,10,-15
-12,45,10,-10,-19,-17,47,-4,7,-11,-2,39,33,-9,35,29,46,-13,-3,-7,-12,16,31,43,17,38,-15,-2,21,33,-11,41,43,-17,6,-10,36,-12,46,-7,-8,19,-9,-10,-12,37
-1,46,41,42,33,45,3,-2,34,-12,10,-11,43,37,-10,46,-3,7,44,-16,4,-19,20,36,41,38,30,-19,45,38,41,36,22,34,11,-17,41,15,-11,23,32,-4,29,29,-14,18
36,-16,29,-8,17,-20,13,-13,-19,-4,-8,10,46,5,-8,27,-5,-11,-11,-2,10,31,-18,37,38,9,-16,-18,-15,5,38,-9,44,1,-16,-19,44,12,12,38,40,27,1,38,-18,-5
45,-1,32,9,-7,32,-14,-8,-11,-10,36,33,4,-2,32,28,-19,7,-3,29,9,-2,-10,11,46,-7,-15,27,46,13,6,43,-19,29,39,-12,14,-5,30,-14,35,43,4,-15,-3,18
31,31,-11,1,30,2,29,0,23,41,-7,0,36,45,-13,39,41,-18,0,30,47,40,-15,34,39,26,-17,42,-20,27,36,-19,4,30,-8,22,-20,21,39,-20,29,-7,-19,45,-8,41
41,1,32,21,32,29,45,39,29,38,-9,29,-14,-2,35,-5,-7,-15,32,40,18,40,2,44,-10,7,-14,29,-15,29,-6,-3,6,30,-6,35,-8,32,-1,39,2,35,37,32,-17,-18
21,32,-14,23,38,35,-13,29,41,-19,-7,13,-13,13,-6,32,40,12,-15,37,32,26,-9,32,-4,28,32,29,-14,4,37,39,-4,-19,31,9,35,23,-15,34,3,-20,13,41,36,42
39,16,44,6,-12,16,-18,0,-19,43,25,-9,-18,42,38,-12,3,42,15,35,44,-15,-19,38,-3,34,26,42,38,35,35,-13,44,37,32,-14,18,-14,20,-6,44,-11,-7,32,-7,29
10,38,46,-2,37,43,-9,47,41,40,39,42,-2,18,-12,-1,9,45,46,40,-2,39,21,43,38,-11,40,38,-20,43,26,30,35,46,24,-20,7,-8,12,40,40,21,-9,-6,33,-9
42,40,-3,12,-10,23,25,44,39,46,1,43,36,6,-16,43,-7,-10,39,20,-12,32,37,30,38,40,44,42,45,12,38,40,16,34,21,47,-6,-14,-10,46,47,30,-19,-11,38,34
47,-8,30,-19,32,-9,-15,-12,-17,40,41,-19,-7,44,-8,19,29,-5,13,-3,-5,30,36,38,-6,-10,14,33,34,32,31,-16,15,38,-18,33,-5,44,38,33,-10,40,39,29,-2,13
-2,-12,-9,-16,35,-5,14,-6,9,-13,-14,-9,-6,10,-1,-12,34,46,-11,-2,32,-6,8,-9,41,-7,-15,32,40,-4,33,6,20,45,40,-1,47,34,-7,15,-4,-13,-4,19,-9,21
33,23,45,-3,34,37,29,21,-6,-17,37,38,27,47,36,13,42,29,14,-7,-5,-7,21,47,-20,-16,-14,-3,14,41,-7,-16,1,46,37,-20,-9,-5,35,15,-20,-15,44,22,43,38
-17,-12,17,-5,-16,-2,-2,-4,31,35,44,-2,37,25,-16,-11,6,30,15,-14,7,33,45,43,15,-12,42,-17,38,-3,36,-9,-17,36,29,43,-2,-10,38,41,-7,-20,37,39,33,44
36,40,-14,-10,26,47,46,-1,-14,14,29,28,1,41,41,14,2,-4,-16,17,-5,26,43,4,18,-16,-12,-10,-12,-2,39,43,45,-18,30,37,39,-8,40,-4,38,37,31,30,36,-10
-5,42,-18,-3,-8,-19,19,-3,19,-11,33,47,-18,34,23,-10,35,-6,46,31,-10,43,28,36,-6,37,-16,-9,43,5,-13,31,38,-10,-20,-8,2,-10,27,43,-12,43,33,33,30,-14
-12,39,37,26,-12,42,19,35,-9,-10,-7,-6,-3,39,20,34,-14,10,-10,19,42,1,-11,1,-8,-9,-18,3,23,-9,40,-9,1,46,9,43,-3,0,32,-14,32,-3,-5,34,47,39
8,-5,-6,47,30,45,20,32,35,-9,-18,-8,29,-8,-10,-17,-13,46,38,-13,15,-16,30,-7,-14,28,-20,29,21,35,-7,14,-12,-3,6,-7,47,40,-2,-14,38,39,-12,-2,-11,2
-7,-16,-18,47,29,33,47,8,44,18,28,36,41,39,-10,-18,38,-10,44,27,47,-6,41,35,-17,-3,39,0,2,-13,-8,1,10,40,12,34,47,25,34,-7,13,-14,-10,-2,38,2
43,36,-20,42,-3,0,42,39,-11,4,18,29,1,36,42,36,-4,-19,-1,-10,-10,-16,-17,16,-20,46,45,42,-12,-7,34,20,35,43,-11,-2,45,35,33,45,2,41,40,1,-7,13
-6,25,37,-7,7,-15,35,9,24,39,31,35,24,30,-6,47,44,-3,4,32,38,6,35,-8,30,1,43,38,-8,-3,29,-9,32,13,39,-15,34,35,45,-17,9,31,-12,1,35,44
24,47,43,37,8,40,42,-18,-16,18,-11,18,-8,-18,-7,25,-9,3,10,-2,-13,37,41,-16,-20,-9,4,-7,-16,34,38,-8,-20,46,-7,15,-11,-20,45,-7,-15,17,6,-19,35,37
-19,31,-14,35,-11,-12,-7,14,38,45,44,19,34,7,-10,25,6,-8,38,5,39,-13,-11,25,-13,43,-12,-18,45,-1,34,-9,-2,-18,-5,34,-11,31,37,46,-13,-8,45,7,18,44
1,43,45,30,32,37,16,41,37,19,45,33,-7,-15,21,-15,32,41,34,-20,33,17,-9,30,33,-18,43,30,-11,30,30,22,-18,-15,35,2,-7,-9,-15,31,27,45,44,-2,33,33
45,-9,40,18,35,36,25,-12,41,39,34,41,35,-17,-8,4,3,39,41,-17,-17,-6,-13,10,34,-4,-14,-12,47,-15,26,29,10,30,45,45,40,42,-5,-14,-11,-9,27,29,41,31
29,-10,31,23,-6,7,17,-17,45,-2,34,3,21,-16,46,38,-10,-11,31,43,-5,-12,-7,33,-14,-2,-14,27,45,-19,-5,18,9,30,-8,20,24,-15,40,16,9,32,-3,-9,-18,-5
3,-7,2,31,-15,30,40,16,41,24,46,46,46,-5,45,3,-4,5,-11,29,1,-17,36,-6,-10,-18,42,10,41,9,35,-20,-11,7,15,40,43,24,-3,-17,39,46,37,46,35,46
37,16,2,-8,-11,30,-12,0,46,3,-18,-17,44,-2,43,41,-14,-11,-6,35,37,17,41,17,11,-18,16,-17,23,-17,40,-14,41,-3,-5,-6,-2,26,-12,-12,-5,5,43,1,41,41
43,-4,-16,-13,-4,36,32,47,45,47,42,-8,-11,31,47,30,-9,-6,35,-3,-18,-8,47,45,35,22,40,8,-2,46,17,38,-15,42,32,22,41,38,20,-20,-8,21,43,37,30,38
-2,-7,-11,31,38,-4,44,-10,43,46,-4,9,42,18,11,31,-13,-13,22,31,-12,-6,-13,6,-2,-9,33,34,-4,34,23,37,9,-13,7,-14,22,-3,6,47,36,-16,-6,31,47,44
26,-18,1,35,1,41,-16,43,-4,-14,-2,41,-13,-7,34,34,-5,-9,38,-7,44,22,-5,42,22,38,-16,36,44,-11,-3,34,-7,39,29,-18,-17,36,-13,-2,-8,-10,8,-12,-8,-15
42,-13,-19,3,32,-8,44,38,30,0,-18,43,43,-15,19,36,11,41,-15,44,0,-8,42,8,24,-20,-3,26,4,41,11,-6,-2,-5,4,-18,5,-15,47,33,37,41,-4,17,41,33
-12,47,6,32,33,-14,40,-10,-18,-11,4,45,30,-18,-5,-2,-4,39,-16,-9,-20,9,-19,37,34,-1,-14,-19,38,31,31,41,-14,29,31,32,8,29,-16,42,37,21,34,13,35,31
-15,-11,-8,-11,-20,32,40,-9,-10,12,32,-5,36,1,2,39,33,41,36,38,-14,38,37,36,-3,-13,-2,20,42,-20,-5,14,20,40,41,-13,-17,-13,14,36,2,31,42,1,-17,-12
32,34,30,44,-10,-10,5,-13,41,8,34,12,-9,46,-17,38,-4,35,20,29,-13,-4,43,41,5,-7,-13,3,19,37,-19,-8,41,-7,-15,-11,22,-13,-3,-8,36,39,-11,35,-11,1
23,-17,-18,-10,44,32,-11,11,12,39,41,-20,39,-20,-2,-6,31,38,46,35,32,26,-12,17,-16,-20,-13,-10,28,36,-14,47,9,-12,46,17,42,27,-16,13,-11,11,-15,36,31,-17
-20,31,-4,23,22,29,-3,0,22,41,-8,-14,9,-8,39,-16,17,-19,-14,7,6,-7,36,-2,-10,20,43,43,-15,47,-12,-3,22,-8,20,39,20,42,-7,8,-20,36,-2,20,33,22
43,-19,-13,26,-7,32,44,-7,2,30,-8,-16,42,-6,33,-16,-11,32,-12,46,-12,44,38,-14,-9,-5,25,-5,32,10,40,4,-1,-6,-16,39,-17,-8,13,-18,34,24,2,39,31,33
28,-2,-19,23,-20,-12,25,42,-4,44,-5,17,40,30,44,-9,13,-10,30,12,-8,40,-15,-17,-2,42,-14,25,-12,28,7,43,32,37,41,42,-13,26,30,40,-13,15,-16,38,30,22
40,2,41,-11,-19,26,36,-2,-3,22,34,12,29,-12,-3,32,9,45,40,29,35,-20,-6,18,24,38,34,-11,37,35,-13,29,19,38,47,29,35,-19,-2,-16,-2,28,37,-20,39,-13
34,-19,10,44,34,18,40,-12,36,-3,38,35,-8,44,-1,-15,13,34,-18,41,-5,32,38,4,25,-19,-3,-9,-14,-3,15,29,1,-14,-9,-5,27,36,5,-5,2,-8,44,35,7,35
40,8,31,9,-7,-11,41,43,37,-11,-20,42,36,46,45,7,36,38,-3,8,35,-2,18,33,-8,-8,-2,-10,36,5,33,44,-18,41,46,-14,-10,29,37,5,-18,36,-19,-15,32,3
7,-10,-7,44,-9,13,-17,-9,21,38,-1,45,45,27,-7,46,-12,40,-17,-7,-6,2,-19,-18,-9,-16,31,-1,29,36,-15,-20,-15,0,-4,-19,-14,-14,-18,0,-7,34,-4,18,-8,28
43,19,-18,-16,30,45,-16,-12,6,-10,-12,-10,-10,-3,-6,37,-2,10,46,-12,5,37,14,-10,46,0,-11,-7,38,45,-11,-15,30,15,34,44,34,-18,30,3,23,-11,-20,-19,-1,-12
-14,-2,37,-13,-19,42,47,33,6,34,6,-15,43,33,38,24,37,29,-14,38,32,28,-4,-18,-19,15,21,47,40,-10,-10,-6,-20,-13,33,37,-12,28,-15,42,45,-15,-4,19,8,-7
30,47,36,43,38,-6,30,-1,27,-20,-18,-13,-16,45,0,-9,-3,46,-9,27,36,31,33,-2,40,28,-13,47,19,-19,-11,21,40,42,24,40,27,33,43,-3,-2,-13,-9,38,31,8
26,32,-10,47,-17,46,41,-10,-14,28,-9,28,37,-7,42,-14,10,-15,33,4,-6,13,-11,16,-3,12,37,30,14,40,19,33,-10,7,29,-11,36,31,12,-13,20,37,9,33,17,29
45,-5,-15,-15,37,-4,42,12,45,26,10,-9,15,-12,1,44,-1,37,5,47,21,-14,13,-10,40,12,-7,4,-10,39,35,36,-6,-13,3,41,40,42,-4,-4,-20,23,-7,33,5,30
-6,16,41,29,38,27,17,39,-4,-5,42,-8,43,-2,13,38,15,45,37,-6,-20,36,-8,-12,47,-14,-20,36,-3,23,-8,28,-6,-16,1,43,-12,-12,-13,5,18,-20,33,39,39,25
45,-8,-10,-14,-2,21,39,44,10,43,-1,37,-7,40,-4,18,8,-15,39,46,-8,14,-15,-19,-3,-4,-3,36,-2,43,41,4,1,36,33,31,-16,-7,-14,32,45,21,16,33,-11,8
-11,32,-6,28,4,-14,41,16,41,-12,41,-17,16,43,32,30,-16,-2,33,-18,-18,-7,39,-1,-4,19,-16,46,31,-2,33,-12,-9,43,-11,31,-12,37,-10,10,-11,39,-4,-5,34,31
33,-18,29,14,33,36,17,30,10,-17,-17,-17,34,30,12,41,36,37,30,31,10,-6,33,-5,32,33,5,46,-19,43,-3,31,-6,46,27,-10,14,45,27,40,-16,41,28,-10,10,-3
26,-9,1,45,-12,29,36,42,32,-7,36,39,15,-14,31,47,33,10,2,-20,32,2,21,38,-11,37,10,29,1,30,-13,26,-13,-13,-5,11,34,42,35,40,37,46,0,-14,3,-10
44,-17,45,-17,29,32,18,-18,-5,42,18,36,-11,29,-9,46,-20,3,-16,-19,-7,40,-20,19,44,34,18,-7,32,-18,44,41,18,-11,35,-19,18,-9,47,-14,-18,24,-2,-20,38,32
