cannon_1, cannon_2, archer_1, archer_2, army_1, army_2, goldstorage_1, goldstorage_2, elixerstorage_1, elixerstorage_2, barracks_1, barracks_2, barracks_3, mortar_1, builder_1, gold_1, gold_2, gold_3, gold_4, elixer_1, elixer_2, elixerstorage_3, elixer_3, townhall_1, research_1, castle_1
0, 0, 0, 1.0, 0, 0, 1.0, 1.0, 0, 1.0, 0, 0, 0.3548387096774194, 1.0, 0, 0, 0, 0.3639344262295082, 0, 0, 0, 0, 0, 1.0, 0, 0
0, 0, 0, 1.0, 0, 0, 1.0, 1.0, 0, 1.0, 0, 0, 1.0, 1.0, 0, 0.3704918032786885, 0, 0, 0, 0, 0, 0.7266666666666667, 0, 1.0, 0, 0
0, 0, 0, 1.0, 0, 0, 0.9453333333333334, 1.0, 0, 1.0, 0, 0, 1.0, 1.0, 0, 0, 0, 0, 0, 0, 0, 0.9573333333333334, 0, 1.0, 0, 0
0, 0, 0, 0, 0, 0, 0, 0, 0, 0, 0, 0, 0, 0, 0, 0, 0, 0, 0, 0, 0, 0, 0, 0, 0, 0
0, 0, 0, 0, 0, 0, 0, 0, 0, 0, 0, 0, 0, 0, 0, 0, 0, 0, 0, 0, 0, 0, 0, 0, 0, 0
0, 0, 0, 1.0, 0, 0, 0.988, 1.0, 0.24266666666666667, 1.0, 0.9483870967741935, 0, 0, 1.0, 0, 0, 0, 0, 0, 0, 0, 0, 0, 1.0, 0, 0
0.7236363636363636, 0, 0, 0.658, 0.7066666666666667, 0, 0, 1.0, 1.0, 1.0, 0, 0, 0, 1.0, 0, 0, 0, 0, 0, 0, 0, 0, 0, 0.7485714285714286, 0, 0
1.0, 0, 1.0, 0, 0.28, 1.0, 1.0, 0, 1.0, 0, 1.0, 0, 0, 0, 0, 1.0, 0, 0, 0, 0, 0, 0, 0, 0.08285714285714285, 0, 0
1.0, 0, 1.0, 0, 0, 0.24333333333333335, 1.0, 0, 1.0, 0, 0.5870967741935483, 0, 0, 0, 0, 0, 0, 0, 0, 0, 0, 0, 0, 0.9228571428571428, 0, 0
1.0, 0, 1.0, 0, 0.91, 0.9466666666666667, 1.0, 1.0, 1.0, 1.0, 1.0, 0.7419354838709677, 0, 0, 0, 1.0, 0, 0, 0, 0.18688524590163935, 0, 0.7746666666666666, 0, 1.0, 0, 0
1.0, 0, 1.0, 0, 0, 0.6133333333333333, 1.0, 1.0, 1.0, 1.0, 1.0, 0, 1.0, 0, 0.928, 1.0, 0, 0, 0, 0, 0, 0.776, 0, 1.0, 0, 0
1.0, 0, 1.0, 0, 0, 0, 1.0, 1.0, 1.0, 1.0, 0, 0, 0.7806451612903226, 0.43, 0, 0, 0, 0, 0, 0, 0, 0.8146666666666667, 0, 1.0, 0, 0
0, 0, 0, 1.0, 0, 0, 0.6093333333333333, 1.0, 0, 1.0, 0, 0, 0, 1.0, 0, 0, 0, 0, 0, 0, 0, 0, 0, 1.0, 0, 0
1.0, 0, 1.0, 0, 0, 0, 1.0, 1.0, 1.0, 1.0, 0, 0, 1.0, 0, 0.344, 0, 0, 0, 0, 0, 0, 0.9253333333333333, 0, 1.0, 0, 0.328
1.0, 0, 1.0, 0, 0.14333333333333334, 1.0, 1.0, 0, 1.0, 0, 1.0, 1.0, 0, 0, 0, 0, 0, 0, 0, 0.6229508196721312, 0, 0, 0, 1.0, 0, 0
0, 0, 0.81, 1.0, 0, 0, 0.8186666666666667, 1.0, 0.5946666666666667, 1.0, 0, 0, 0, 1.0, 0, 0, 0, 0, 0, 0, 0, 0, 0, 1.0, 0, 0
0, 0, 0, 0.164, 0, 0, 1.0, 0.904, 0, 1.0, 0, 0, 0, 1.0, 0, 0, 0, 0, 0, 0, 0, 0, 0, 1.0, 0, 0
1.0, 0, 1.0, 1.0, 0, 0, 1.0, 1.0, 1.0, 0.9893333333333333, 0, 0, 1.0, 0, 0.192, 0, 0, 0.29180327868852457, 0, 0, 0, 0.9573333333333334, 0, 1.0, 0, 0
0, 0, 0, 0.544, 0, 0, 1.0, 1.0, 0.17066666666666666, 1.0, 0, 0, 1.0, 1.0, 0.928, 1.0, 0, 0, 0, 0, 0, 0.9893333333333333, 0, 1.0, 0, 0
1.0, 0, 1.0, 0, 0, 0.9733333333333334, 1.0, 0, 1.0, 0, 1.0, 0, 0, 0, 0, 0.7344262295081967, 0, 0, 0, 0.6491803278688525, 0, 0, 0, 1.0, 0, 0
0, 0, 0.658, 0.278, 0, 0, 0.872, 1.0, 0.808, 1.0, 0, 0, 1.0, 1.0, 0.496, 0, 0, 0, 0, 0, 0, 0, 0, 1.0, 0, 0
0, 0, 0, 1.0, 0, 0, 1.0, 1.0, 0.424, 1.0, 0, 0, 1.0, 1.0, 0.936, 0, 0, 1.0, 0, 0, 0, 0.936, 0, 1.0, 0, 0
0, 0, 0, 1.0, 0, 0, 1.0, 1.0, 0, 1.0, 0, 0, 0, 1.0, 0, 0, 0, 0, 0, 0, 0, 0.696, 0, 1.0, 0, 0
0, 0, 0, 1.0, 0, 0, 1.0, 1.0, 1.0, 1.0, 1.0, 0, 0.7935483870967742, 1.0, 0.928, 0.29508196721311475, 0, 0, 0, 0, 0, 0, 0, 1.0, 0, 0
1.0, 0, 1.0, 0, 0.01, 1.0, 1.0, 0, 1.0, 0.9893333333333333, 1.0, 0.9483870967741935, 0, 0, 0, 1.0, 0, 0, 0, 0.9737704918032787, 0, 0, 0, 1.0, 0, 0
1.0, 0, 1.0, 0, 0, 0, 0.5733333333333334, 0, 1.0, 0, 0, 0, 0, 0.8575, 0, 0, 0, 0, 0, 0, 0, 0, 0, 1.0, 0, 0
0, 0, 0, 0.202, 0, 0, 1.0, 1.0, 0.52, 1.0, 0, 0, 1.0, 0, 0.424, 1.0, 0, 0, 0, 0, 0, 0.952, 0, 1.0, 0, 0
0.06727272727272728, 0, 1.0, 0.772, 0, 0.3566666666666667, 1.0, 1.0, 1.0, 1.0, 0.38064516129032255, 0, 1.0, 0, 0.928, 0, 0, 1.0, 0, 0, 0, 0.408, 0, 1.0, 0, 0
1.0, 0, 1.0, 0, 0, 0, 1.0, 0, 1.0, 0.7693333333333333, 0, 0, 0, 0, 0, 0, 0, 0, 0, 0, 0, 0, 0, 1.0, 0, 0
1.0, 0, 0.81, 0, 0, 0, 1.0, 1.0, 1.0, 1.0, 0, 0, 0.5741935483870968, 0, 0, 0, 0, 0.8, 0, 0, 0, 0.776, 0, 1.0, 0, 0
0, 0, 0.658, 0.62, 0, 0, 0.9293333333333333, 0.872, 0.8933333333333333, 1.0, 1.0, 0, 0, 1.0, 0, 0, 0, 0, 0, 0, 0, 0, 0, 1.0, 0, 0
0, 0, 0.012, 1.0, 0, 0, 0.976, 1.0, 0.9786666666666667, 1.0, 0, 0, 0, 1.0, 0, 0, 0, 0.9114754098360656, 0, 0, 0, 0.94, 0, 1.0, 0, 0
1.0, 0, 0.696, 1.0, 0, 1.0, 1.0, 1.0, 1.0, 1.0, 1.0, 0, 0.7677419354838709, 1.0, 0, 0, 0, 0, 0, 0, 0, 0.5093333333333333, 0, 1.0, 0, 0
0, 0, 0, 0, 0, 0, 0, 0, 0, 0, 0, 0, 0, 0, 0, 0, 0, 0, 0, 0, 0, 0, 0, 0, 0, 0
0, 0, 0.962, 1.0, 0, 0, 1.0, 1.0, 1.0, 1.0, 0, 0, 0, 1.0, 0, 0, 0, 0, 0, 0, 0, 0.7653333333333333, 0, 1.0, 0, 0.218
0, 0, 0, 1.0, 0, 0, 1.0, 1.0, 0, 1.0, 1.0, 0, 1.0, 0.145, 0.712, 0, 0, 0, 0, 0, 0, 0.8506666666666667, 0, 1.0, 0, 0.386
0.10181818181818182, 0, 1.0, 1.0, 0, 0, 1.0, 1.0, 1.0, 1.0, 0, 0, 0.7419354838709677, 1.0, 0, 0, 0, 0, 0, 0, 0, 0.11066666666666666, 0, 1.0, 0, 0
1.0, 0, 1.0, 0.088, 0, 0, 1.0, 0, 1.0, 0.092, 0.8387096774193549, 0, 0, 1.0, 0, 1.0, 0, 0, 0, 0, 0, 0, 0, 1.0, 0, 0
0, 0, 1.0, 0, 0.34, 0, 1.0, 0, 1.0, 0, 1.0, 0, 0, 0, 0, 0, 0, 0, 0, 0, 0, 0, 0, 0.6876190476190476, 0, 0
0, 0, 0, 0, 0, 0, 0, 0, 0, 0, 0, 0, 0, 0, 0, 0, 0, 0, 0, 0, 0, 0, 0, 0, 0, 0
0, 0, 0, 1.0, 0, 0, 0.724, 1.0, 0, 1.0, 0, 0, 0, 1.0, 0, 0, 0, 0.43934426229508194, 0, 0, 0, 0, 0, 1.0, 0, 0
0, 0, 0, 1.0, 0, 0, 1.0, 1.0, 0, 1.0, 0, 0, 0, 1.0, 0, 0, 0, 0, 0, 0, 0, 0.6266666666666667, 0, 1.0, 0, 0
0, 0, 0, 0.278, 0, 0, 1.0, 0.952, 0, 1.0, 0, 0, 0, 1.0, 0.616, 0.003278688524590164, 0, 0, 0, 0, 0, 0, 0, 1.0, 0, 0
0, 0, 0, 0, 0, 0, 0, 0, 0, 0, 0, 0, 0, 0, 0, 0, 0, 0, 0, 0, 0, 0, 0, 0, 0, 0
1.0, 0, 1.0, 1.0, 0.016666666666666666, 0.06666666666666667, 1.0, 1.0, 1.0, 1.0, 0.12258064516129032, 0.7354838709677419, 1.0, 0, 0.712, 0, 0, 0, 0, 0, 0, 0.232, 0, 1.0, 0, 0
0.6709090909090909, 0, 1.0, 0.466, 0, 0, 1.0, 1.0, 1.0, 1.0, 0, 0, 0, 0.7625, 0, 0, 0, 0, 0, 0, 0, 0, 0, 1.0, 0, 0
0, 0, 0, 0.392, 0, 0, 1.0, 1.0, 0, 1.0, 0, 0, 0.3161290322580645, 1.0, 0, 0, 0, 0, 0, 0, 0, 0.22666666666666666, 0, 1.0, 0, 0
1.0, 0, 1.0, 0, 0, 1.0, 1.0, 0, 1.0, 0, 0.9419354838709677, 1.0, 0, 0, 0, 0.43934426229508194, 0, 0, 0, 0.6295081967213115, 0, 0, 0, 1.0, 0, 0
1.0, 0, 1.0, 0, 0, 0, 1.0, 1.0, 1.0, 1.0, 0, 0, 0, 0, 0, 0, 0, 0, 0, 0.8, 0, 0.17466666666666666, 0, 1.0, 0, 0
1.0, 0, 1.0, 0, 0, 0, 1.0, 0, 1.0, 0.029333333333333333, 0, 0, 0, 0.9525, 0, 0.8950819672131147, 0, 0, 0, 0, 0, 0, 0, 1.0, 0, 0
0, 0, 0, 1.0, 0, 0, 1.0, 1.0, 1.0, 1.0, 1.0, 0, 0.6903225806451613, 1.0, 0, 1.0, 0, 0, 0, 0, 0, 0, 0, 1.0, 0, 0
0.2963636363636364, 0, 1.0, 0, 0, 0, 1.0, 0.6053333333333333, 1.0, 0, 0, 0, 0.5290322580645161, 0, 0, 0, 0, 0, 0, 0, 0, 0.9893333333333333, 0, 1.0, 0, 0
0, 0, 0, 1.0, 0, 0, 1.0, 1.0, 0.04, 1.0, 0.9483870967741935, 0, 1.0, 0.24, 0, 0.7639344262295082, 0, 0, 0, 0, 0, 0.4493333333333333, 0, 1.0, 0, 0
1.0, 0, 1.0, 0, 0.4766666666666667, 0.97, 1.0, 1.0, 1.0, 1.0, 1.0, 0.535483870967742, 1.0, 0, 1.0, 0.5278688524590164, 0, 0, 0, 1.0, 0, 0.744, 0, 1.0, 0, 0
0, 0, 0, 1.0, 0, 0, 1.0, 1.0, 0.512, 1.0, 0, 0, 1.0, 1.0, 0.712, 1.0, 0, 0, 0, 0, 0, 0.17866666666666667, 0, 1.0, 0, 0
0, 0, 0, 1.0, 0, 0, 1.0, 1.0, 0, 1.0, 0, 0, 0.6903225806451613, 1.0, 0, 0, 0, 0, 0, 0, 0, 1.0, 0, 1.0, 0, 0.514
1.0, 0, 1.0, 0, 0, 0, 1.0, 0, 1.0, 0, 0, 0.7935483870967742, 0, 0, 0, 0, 0, 0, 0, 0.9737704918032787, 0, 0, 0, 1.0, 0, 0
0, 0, 0, 0.658, 0, 0, 1.0, 1.0, 0, 1.0, 0, 0, 0, 0, 0, 0, 0, 0, 0, 0, 0, 1.0, 0, 1.0, 0, 0
0.3781818181818182, 0, 1.0, 1.0, 0, 0, 1.0, 1.0, 1.0, 1.0, 0.6709677419354839, 0, 0, 1.0, 0, 0.8163934426229508, 0, 0, 0, 0, 0, 1.0, 0, 1.0, 0, 0
0, 0, 0, 1.0, 0, 0, 1.0, 1.0, 0, 1.0, 0, 0, 0, 0, 0, 0, 0, 0, 0, 0, 0, 0, 0, 1.0, 0, 0
0, 0, 0, 0, 0, 0, 0, 0, 0, 0, 0, 0, 0, 0, 0, 0, 0, 0, 0, 0, 0, 0, 0, 0, 0, 0
0.62, 0, 0, 1.0, 0, 0, 1.0, 1.0, 1.0, 1.0, 0, 0, 0.8838709677419355, 1.0, 0, 0, 0, 0.7114754098360656, 0, 0, 0, 0.9573333333333334, 0, 1.0, 0, 0
1.0, 0, 1.0, 0.316, 0, 0.06666666666666667, 1.0, 0.584, 1.0, 1.0, 0.8258064516129032, 0.7935483870967742, 0, 0.05, 0, 0.21311475409836064, 0, 0, 0, 0.8295081967213115, 0, 1.0, 0, 1.0, 0, 0
0, 0, 0, 1.0, 0, 0, 0.828, 1.0, 0, 1.0, 0, 0, 1.0, 1.0, 1.0, 0.6163934426229508, 0, 0, 0, 0, 0, 0.04666666666666667, 0, 1.0, 0, 0
0, 0, 0, 1.0, 0, 0, 1.0, 1.0, 0.712, 1.0, 1.0, 0, 0, 1.0, 0, 1.0, 0, 0, 0, 0, 0, 0, 0, 1.0, 0, 0
1.0, 0, 1.0, 0, 0.5266666666666666, 1.0, 1.0, 0, 1.0, 0, 0, 0, 0, 0, 0, 1.0, 0, 0, 0, 0, 0, 0, 0, 1.0, 0, 0
1.0, 0, 1.0, 0, 0, 0, 0.7866666666666666, 1.0, 1.0, 1.0, 0.5870967741935483, 1.0, 0, 0, 0, 0, 0, 0, 0, 0, 0, 0, 0, 1.0, 0, 0
1.0, 0, 1.0, 0, 0, 0, 1.0, 0, 1.0, 0, 0, 0.7935483870967742, 0, 0, 0, 0, 0, 0, 0, 0, 0, 0, 0, 0.14666666666666667, 0, 0
0, 0, 0, 0, 0, 0, 0, 0, 0, 0, 0, 0, 0, 0, 0, 0, 0, 0, 0, 0, 0, 0, 0, 0, 0, 0
1.0, 0, 1.0, 0.544, 0.22333333333333333, 1.0, 1.0, 1.0, 1.0, 1.0, 0.832258064516129, 0.535483870967742, 1.0, 0, 0.856, 0.5868852459016394, 0, 0.8557377049180328, 0, 0, 0, 1.0, 0, 1.0, 0, 0
0, 0, 0, 0, 0, 0, 0, 0, 0, 0, 0, 0, 0, 0, 0, 0, 0, 0, 0, 0, 0, 0, 0, 0, 0, 0
0, 0, 0, 1.0, 0, 0, 1.0, 1.0, 0, 1.0, 0, 0, 0, 0.525, 0, 0, 0, 0, 0, 0, 0, 0.5693333333333334, 0, 1.0, 0, 0
0, 0, 0, 1.0, 0, 0, 1.0, 1.0, 0.9253333333333333, 1.0, 0, 0, 1.0, 1.0, 1.0, 0, 0, 0.6491803278688525, 0, 0, 0, 0.872, 0, 1.0, 0, 0
1.0, 0, 1.0, 0, 1.0, 1.0, 0.008, 0, 1.0, 0, 0.9483870967741935, 0.7870967741935484, 0, 0, 0, 0, 0, 0, 0, 0.940983606557377, 0, 0, 0, 1.0, 0, 0
0, 0, 0, 1.0, 0, 0, 1.0, 1.0, 0, 1.0, 0, 0, 1.0, 1.0, 0.712, 0.9737704918032787, 0, 0.8688524590163934, 0, 0, 0, 0.9786666666666667, 0, 1.0, 0, 0
1.0, 0, 1.0, 0, 0, 0, 1.0, 0, 1.0, 0, 0, 0, 0, 0, 0, 0, 0, 0, 0, 0, 0, 0, 0, 1.0, 0, 0
0.44727272727272727, 0, 0, 1.0, 0, 0, 0.904, 1.0, 1.0, 1.0, 0, 0.4838709677419355, 0, 1.0, 0, 0, 0, 0, 0, 0, 0, 0, 0, 1.0, 0, 0
0, 0, 0, 1.0, 0, 0, 1.0, 1.0, 0, 1.0, 0, 0, 0, 0.5725, 0, 0, 0, 0.419672131147541, 0, 0, 0, 0.9253333333333333, 0, 1.0, 0, 0
0, 0, 0, 1.0, 0, 0, 0.45466666666666666, 1.0, 0, 1.0, 0, 0, 0, 1.0, 0, 0, 0, 0, 0, 0, 0, 0.7626666666666667, 0, 1.0, 0, 0
1.0, 0, 0.962, 0, 0, 0.08333333333333333, 1.0, 0, 1.0, 0, 0, 0, 0, 0, 0, 0, 0, 0, 0, 0, 0, 0, 0, 1.0, 0, 0
1.0, 0, 1.0, 0, 0, 0, 1.0, 0, 1.0, 0.8293333333333334, 0, 0, 0, 0, 0, 0, 0, 0, 0, 0, 0, 0, 0, 1.0, 0, 0
0, 0, 0.924, 1.0, 0.52, 0.9433333333333334, 1.0, 1.0, 1.0, 1.0, 0, 0, 0.41935483870967744, 1.0, 0, 1.0, 0, 0, 0, 0, 0, 0, 0, 1.0, 0, 0
0, 0, 0, 0, 0, 0, 0, 0, 0, 0, 0, 0, 0, 0, 0, 0, 0, 0, 0, 0, 0, 0, 0, 0, 0, 0
1.0, 0, 0.81, 0, 0, 0.73, 0.82, 0, 1.0, 0.216, 0, 0, 0, 0, 0, 0, 0, 0, 0, 0, 0, 0, 0, 1.0, 0, 0
1.0, 0, 1.0, 0, 0.13333333333333333, 0.6566666666666666, 0.5946666666666667, 0, 1.0, 0, 1.0, 1.0, 0, 0, 0, 0, 0, 0, 0, 0.7114754098360656, 0, 0, 0, 0.6942857142857143, 0, 0
1.0, 0, 1.0, 0, 0, 0.6133333333333333, 1.0, 0, 1.0, 0, 0.32903225806451614, 1.0, 0, 0, 0, 0, 0, 0, 0, 0.4491803278688525, 0, 0, 0, 0.9542857142857143, 0, 0
1.0, 0, 1.0, 1.0, 0, 0, 1.0, 1.0, 1.0, 0.2853333333333333, 0, 0, 1.0, 0.43, 0, 0, 0, 0, 0, 0, 0, 0.11333333333333333, 0, 1.0, 0, 0
1.0, 0, 0.7, 0, 0, 0, 1.0, 0, 1.0, 0, 0, 0, 0, 0, 0, 0, 0, 0, 0, 0, 0, 0, 0, 1.0, 0, 0
0, 0, 0, 1.0, 0, 0, 1.0, 1.0, 0, 1.0, 0, 0, 1.0, 1.0, 0.872, 0.9704918032786886, 0, 0, 0, 0, 0, 0.62, 0, 1.0, 0, 0
0, 0, 0, 0, 0, 0, 0, 0, 0, 0, 0, 0, 0, 0, 0, 0, 0, 0, 0, 0, 0, 0, 0, 0, 0, 0
0, 0, 0.126, 1.0, 0, 0, 1.0, 1.0, 1.0, 1.0, 0, 0, 0, 1.0, 0, 0, 0, 0, 0, 0, 0, 0.9253333333333333, 0, 1.0, 0, 0
1.0, 0, 1.0, 0, 0, 0.9733333333333334, 0.7333333333333333, 0.664, 1.0, 1.0, 0, 0.6903225806451613, 0, 0, 0, 0, 0, 0, 0, 0, 0, 0, 0, 1.0, 0, 0
1.0, 0, 1.0, 1.0, 0, 0, 1.0, 1.0, 1.0, 1.0, 0, 0.6903225806451613, 0, 0.0975, 0, 0, 0, 0, 0, 0, 0, 1.0, 0, 1.0, 0, 0.55
0, 0, 0, 1.0, 0, 0, 1.0, 1.0, 0, 1.0, 0, 0, 1.0, 1.0, 0.936, 0, 0, 0.5901639344262295, 0, 0, 0, 1.0, 0, 1.0, 0, 0.406
1.0, 0, 0.088, 1.0, 0, 0, 1.0, 1.0, 1.0, 1.0, 0, 0, 0.14838709677419354, 1.0, 0, 0, 0, 0, 0, 0, 0, 0.025333333333333333, 0, 1.0, 0, 0
0, 0, 0, 1.0, 0, 0, 1.0, 1.0, 0, 1.0, 0, 0, 0, 1.0, 0, 0, 0, 0, 0, 0, 0, 0, 0, 1.0, 0, 0
0, 0, 0, 0, 0, 0, 0, 0, 0, 0, 0, 0, 0, 0, 0, 0, 0, 0, 0, 0, 0, 0, 0, 0, 0, 0
1.0, 0, 1.0, 0, 0, 1.0, 1.0, 0, 1.0, 0, 0, 0, 0, 0, 0, 0, 0, 0, 0, 0, 0, 0, 0, 1.0, 0, 0
1.0, 0, 1.0, 0, 0, 0, 1.0, 0, 1.0, 0, 0, 0, 0, 0, 0, 0, 0, 0, 0, 0, 0, 0, 0, 1.0, 0, 0
0, 0.1509090909090909, 0, 1.0, 0, 0, 0.7693333333333333, 1.0, 0, 1.0, 0, 0, 1.0, 1.0, 0.28, 0.14754098360655737, 0, 1.0, 0, 0, 0, 1.0, 0, 1.0, 0, 0.726
1.0, 0, 1.0, 0.164, 0, 0.35, 1.0, 1.0, 1.0, 1.0, 0.36129032258064514, 0.432258064516129, 0.24516129032258063, 0, 0, 0, 0, 0, 0, 0, 0, 1.0, 0, 1.0, 0, 0.068
0.9309090909090909, 0, 0.24, 1.0, 0, 0, 1.0, 1.0, 1.0, 1.0, 0, 0, 0, 1.0, 0, 0, 0, 0.26557377049180325, 0, 0, 0, 0.176, 0, 1.0, 0, 0
0.5345454545454545, 0, 0, 0, 0, 0, 1.0, 0, 0, 0, 0, 0, 0, 0, 0, 0, 0, 0, 0, 0.6688524590163935, 0, 0, 0, 0.7047619047619048, 0, 0
0, 0, 0, 1.0, 0, 0, 1.0, 1.0, 0, 1.0, 0, 0, 0, 0.62, 0, 0, 0, 0.33114754098360655, 0, 0, 0, 0, 0, 1.0, 0, 0
1.0, 0, 1.0, 0, 0, 0, 1.0, 0, 1.0, 0, 0, 0, 0, 0, 0, 0, 0, 0, 0, 0, 0, 0, 0, 1.0, 0, 0
0, 0, 0.126, 1.0, 0, 0, 1.0, 1.0, 1.0, 1.0, 0, 0, 1.0, 1.0, 0, 0, 0, 0.9737704918032787, 0, 0, 0, 1.0, 0, 1.0, 0, 0
1.0, 0, 1.0, 1.0, 0, 0, 1.0, 1.0, 1.0, 1.0, 1.0, 0, 0.6903225806451613, 0.905, 0.28, 1.0, 0, 0, 0, 0.5868852459016394, 0, 0, 0, 1.0, 0, 0
0, 0, 0, 0, 0, 0, 0, 0, 0, 0, 0, 0, 0, 0, 0, 0, 0, 0, 0, 0, 0, 0, 0, 0, 0, 0
0, 0, 0, 0, 0, 0, 0, 0, 0, 0, 0, 0, 0, 0, 0, 0, 0, 0, 0, 0, 0, 0, 0, 0, 0, 0
0, 0, 0, 1.0, 0, 0, 1.0, 1.0, 0.22666666666666666, 1.0, 0.6774193548387096, 0, 1.0, 1.0, 0.28, 0, 0, 0, 0, 0, 0, 0.7946666666666666, 0, 1.0, 0, 0
0, 0, 0, 1.0, 0, 0, 1.0, 1.0, 0.776, 1.0, 1.0, 0, 1.0, 1.0, 0, 1.0, 0, 0.9737704918032787, 0, 0, 0, 1.0, 0, 1.0, 0, 0
1.0, 0, 1.0, 0, 0, 0.9733333333333334, 1.0, 1.0, 1.0, 1.0, 1.0, 0, 0.6903225806451613, 0, 0, 0.6786885245901639, 0, 0, 0, 0, 0, 0.988, 0, 1.0, 0, 0.9
0, 0.5509090909090909, 0, 1.0, 0, 0, 1.0, 1.0, 0, 1.0, 0, 0, 0, 1.0, 0, 0, 0, 0, 0, 0, 0, 0, 0.10819672131147541, 1.0, 0, 1.0
1.0, 0, 1.0, 0, 0, 0, 1.0, 1.0, 1.0, 1.0, 0.6903225806451613, 0.1935483870967742, 0, 0, 0, 0, 0, 0, 0, 0, 0, 0, 0, 1.0, 0, 0
0.7236363636363636, 0, 1.0, 0, 0.43, 0, 1.0, 0, 1.0, 0, 0.5483870967741935, 0, 0, 0, 0, 0, 0, 0, 0, 0, 0, 0, 0, 1.0, 0, 0
1.0, 0, 1.0, 0, 0, 0, 1.0, 0.9413333333333334, 1.0, 0, 1.0, 0, 0, 0, 0, 1.0, 0, 0, 0, 0, 0, 0, 0, 1.0, 0, 0
0.7581818181818182, 0, 1.0, 0, 0, 0, 1.0, 0.09066666666666667, 1.0, 1.0, 0.7935483870967742, 0, 0, 0.7625, 0, 0, 0, 0, 0, 0, 0, 0, 0, 1.0, 0, 0
0, 0, 0, 1.0, 0, 0, 1.0, 1.0, 0, 1.0, 0, 0, 0, 1.0, 0, 0, 0, 0.6852459016393443, 0, 0, 0, 0.452, 0, 1.0, 0, 0
1.0, 0, 0.924, 1.0, 0, 0, 1.0, 1.0, 1.0, 1.0, 0.8903225806451613, 0, 0, 0.905, 0, 0, 0, 0, 0, 0, 0, 0, 0, 1.0, 0, 0
0, 0, 0, 1.0, 0, 0, 1.0, 1.0, 0.9253333333333333, 1.0, 0, 0, 0.5548387096774193, 1.0, 0, 0, 0, 0.940983606557377, 0, 0, 0, 0.6693333333333333, 0, 1.0, 0, 0
0, 0, 0.088, 1.0, 0, 0, 1.0, 1.0, 1.0, 1.0, 0, 0, 1.0, 1.0, 0.64, 1.0, 0, 0, 0, 0.019672131147540985, 0, 0, 0, 1.0, 0, 0.136
1.0, 0, 1.0, 0, 0, 0, 1.0, 0, 1.0, 0, 0, 0, 0, 0, 0, 0, 0, 0, 0, 0, 0, 0, 0, 1.0, 0, 0
1.0, 0, 1.0, 0, 0, 0.43333333333333335, 1.0, 1.0, 1.0, 1.0, 1.0, 0.9483870967741935, 0, 0.62, 0, 0.08196721311475409, 0, 0, 0, 0, 0, 0.78, 0, 1.0, 0, 0
1.0, 0, 1.0, 0.278, 0, 0, 1.0, 1.0, 1.0, 1.0, 0, 0.17419354838709677, 0, 1.0, 0, 0, 0, 0, 0, 0, 0, 0.43466666666666665, 0, 1.0, 0, 0
0, 0, 0, 1.0, 0, 0, 1.0, 1.0, 0.4653333333333333, 1.0, 0, 0, 0, 1.0, 0, 0, 0, 0, 0, 0, 0, 0, 0, 1.0, 0, 0
0, 0, 0, 1.0, 0.88, 0, 1.0, 1.0, 0.104, 1.0, 1.0, 0, 1.0, 1.0, 0.856, 1.0, 0, 0, 0, 0, 0, 0, 0, 1.0, 0, 0
0, 0, 0, 1.0, 0, 0, 1.0, 1.0, 0.09066666666666667, 1.0, 0, 0, 0.6, 1.0, 0, 0, 0, 0, 0, 0, 0, 0, 0, 1.0, 0, 0
0, 0, 0, 1.0, 0, 0, 1.0, 1.0, 0, 1.0, 0, 0, 0.4774193548387097, 0.1925, 0, 0, 0, 0, 0, 0, 0, 1.0, 0, 1.0, 0, 0
0, 0, 0, 1.0, 0, 0, 1.0, 1.0, 0.712, 1.0, 0, 0, 0, 1.0, 0, 0, 0, 0, 0, 0, 0, 0, 0, 1.0, 0, 0
0.2, 0, 0.658, 0, 0, 0, 1.0, 0, 1.0, 0.684, 0, 0, 0, 0.6675, 0, 0, 0, 0, 0, 0, 0, 0, 0, 1.0, 0, 0
1.0, 0, 1.0, 0, 0, 0.22, 1.0, 0, 1.0, 0, 0, 1.0, 0, 0, 0, 0, 0, 0, 0, 0.04590163934426229, 0, 0, 0, 1.0, 0, 0
1.0, 0, 1.0, 0, 0, 0, 1.0, 1.0, 1.0, 1.0, 0, 1.0, 0, 0.5725, 0, 0, 0, 0, 0, 0.43934426229508194, 0, 0, 0, 1.0, 0, 0
1.0, 0, 1.0, 0, 0, 0, 0.744, 0, 1.0, 0, 0.07096774193548387, 0, 0, 0, 0, 0, 0, 0, 0, 0, 0, 0, 0, 1.0, 0, 0
1.0, 0, 1.0, 0.734, 0, 0, 1.0, 1.0, 1.0, 1.0, 0.2709677419354839, 0, 1.0, 0, 1.0, 1.0, 0, 0.9147540983606557, 0, 0, 0, 0.5813333333333334, 0, 1.0, 0, 0
0, 0, 0, 1.0, 0, 0, 1.0, 1.0, 0.8426666666666667, 1.0, 0.2967741935483871, 0, 1.0, 1.0, 0, 1.0, 0, 0.659016393442623, 0, 0, 0, 0.9893333333333333, 0, 1.0, 0, 0
0, 0, 0, 1.0, 0, 0, 1.0, 1.0, 1.0, 1.0, 0.6258064516129033, 0, 0.7419354838709677, 1.0, 0, 1.0, 0, 0, 0, 0, 0, 0.848, 0, 1.0, 0, 0.952
0, 0, 0.924, 1.0, 0, 0, 1.0, 1.0, 1.0, 1.0, 0, 0, 0.3161290322580645, 1.0, 0, 0, 0, 0.08524590163934426, 0, 0, 0, 0.9786666666666667, 0, 1.0, 0, 0
0, 0, 1.0, 0, 0, 0, 1.0, 1.0, 0.784, 1.0, 0.8258064516129032, 0, 0, 0, 0, 0, 0, 0, 0, 0, 0, 0, 0, 1.0, 0, 0
1.0, 0, 0.056, 0, 0, 0, 1.0, 0, 1.0, 0, 0, 0.6387096774193548, 0, 0, 0, 0, 0, 0, 0, 0.8852459016393442, 0, 0, 0, 1.0, 0, 0
1.0, 0, 1.0, 1.0, 0, 0, 1.0, 1.0, 1.0, 1.0, 0, 0, 1.0, 0.145, 0, 0.26229508196721313, 0, 0, 0, 0, 0, 0.8826666666666667, 0, 1.0, 0, 0
0, 0, 0, 1.0, 0, 0, 1.0, 1.0, 0, 1.0, 0, 0, 0, 1.0, 0, 0.9114754098360656, 0, 0, 0, 0, 0, 0, 0, 1.0, 0, 0
0, 0, 0, 0.43, 0, 0, 1.0, 0.78, 0.4026666666666667, 1.0, 0, 0, 0, 1.0, 0, 0, 0, 0, 0, 0, 0, 0, 0, 1.0, 0, 0
1.0, 0, 1.0, 0, 0, 0.16666666666666666, 1.0, 0, 1.0, 0, 0.9483870967741935, 1.0, 0, 0, 0, 0, 0, 0, 0, 0.580327868852459, 0.7573770491803279, 0, 0, 1.0, 0, 0
1.0, 0, 1.0, 0, 0, 0, 1.0, 0, 1.0, 0, 0.8903225806451613, 0, 0, 0, 0, 0, 0, 0, 0, 0, 0, 0, 0, 1.0, 0, 0
0.6236363636363637, 0, 1.0, 0, 0, 0, 1.0, 0, 1.0, 0, 1.0, 0, 0, 0, 0, 0, 0, 0, 0, 0, 0, 0, 0, 1.0, 0, 0
0.27454545454545454, 0, 0.51, 1.0, 0, 0, 1.0, 1.0, 1.0, 1.0, 0, 0, 0, 1.0, 0, 0.35081967213114756, 0, 0, 0, 0, 0, 0.36533333333333334, 0, 1.0, 0, 0
0, 0, 0, 0, 0, 0, 0, 0, 0, 0, 0, 0, 0, 0, 0, 0, 0, 0, 0, 0, 0, 0, 0, 0, 0, 0
0.06727272727272728, 0, 1.0, 0, 0, 0.7533333333333333, 1.0, 0.652, 1.0, 1.0, 0.7419354838709677, 0, 0, 0.7625, 0, 0, 0, 0, 0, 0, 0, 0, 0, 1.0, 0, 0
1.0, 0, 1.0, 0, 0, 0, 1.0, 0, 1.0, 0, 0, 0, 0, 0, 0, 0, 0, 0, 0, 0.49836065573770494, 0, 0, 0, 1.0, 0, 0
1.0, 0, 0.962, 0, 0, 0.17666666666666667, 1.0, 0, 1.0, 0.904, 0, 0.27741935483870966, 0, 0, 0, 0, 0, 0, 0, 0, 0, 0, 0, 1.0, 0, 0
0, 0, 0, 0.62, 0, 0, 1.0, 1.0, 0, 1.0, 0, 0, 0, 0, 0, 0.5278688524590164, 0, 0, 0, 0, 0, 0.904, 0, 1.0, 0, 0
0, 0, 0, 1.0, 0, 0, 1.0, 1.0, 0.6693333333333333, 1.0, 1.0, 0, 1.0, 1.0, 1.0, 0.13442622950819672, 0, 0, 0, 0, 0, 0.8026666666666666, 0, 1.0, 0, 0.832
1.0, 0, 1.0, 1.0, 0, 0, 1.0, 1.0, 1.0, 1.0, 0.7935483870967742, 0, 0, 1.0, 0.496, 1.0, 0, 0, 0, 0, 0, 0, 0, 1.0, 0, 0
1.0, 0, 1.0, 0, 0, 0, 1.0, 0, 1.0, 0, 0, 0, 0, 0, 0, 0, 0, 0, 0, 0, 0, 0, 0, 1.0, 0, 0
0, 0, 0, 1.0, 0, 0, 1.0, 1.0, 1.0, 1.0, 0, 0, 0.8387096774193549, 1.0, 0, 0, 0, 0, 0, 0, 0, 0.872, 0, 1.0, 0, 0.198
0, 0, 0, 0.098, 0, 0, 1.0, 0.9146666666666666, 0, 1.0, 0, 0, 0, 1.0, 0, 0, 0, 0, 0, 0, 0, 0, 0, 1.0, 0, 0
1.0, 0, 1.0, 0, 0, 0, 0.9333333333333333, 0, 1.0, 0.8826666666666667, 0, 0, 0, 1.0, 0, 0, 0, 0, 0, 0, 0, 0, 0, 1.0, 0, 0
0, 0, 0, 1.0, 0, 0, 1.0, 1.0, 0.5506666666666666, 1.0, 1.0, 0, 1.0, 1.0, 0, 0.8852459016393442, 0, 0.9114754098360656, 0, 0, 0, 1.0, 0, 1.0, 0, 0.08
0, 0, 0, 0, 0, 0, 0, 0, 0, 0, 0, 0, 0, 0, 0, 0, 0, 0, 0, 0, 0, 0, 0, 0, 0, 0
0, 0, 0, 1.0, 0, 0, 1.0, 1.0, 0, 1.0, 0, 0, 0.9483870967741935, 1.0, 0, 0, 0, 0, 0, 0, 0, 0.176, 0, 1.0, 0, 0
0, 0, 0, 1.0, 0, 0, 1.0, 1.0, 0, 1.0, 0, 0, 0, 1.0, 0, 0, 0, 0, 0, 0, 0, 0, 0, 1.0, 0, 0
0, 0, 0, 0, 0, 0, 0, 0, 0, 0, 0, 0, 0, 0, 0, 0, 0, 0, 0, 0, 0, 0, 0, 0, 0, 0
0, 0, 0, 0, 0, 0, 0, 0, 0, 0, 0, 0, 0, 0, 0, 0, 0, 0, 0, 0, 0, 0, 0, 0, 0, 0
1.0, 0, 1.0, 0, 0, 0, 1.0, 0, 1.0, 0, 0, 0, 0, 0, 0, 0, 0, 0, 0, 0, 0, 0, 0, 1.0, 0, 0
0, 0, 0, 1.0, 0, 0, 1.0, 1.0, 0.488, 1.0, 0.9419354838709677, 0, 1.0, 1.0, 1.0, 0, 0, 0, 0, 0, 0, 0.9893333333333333, 0, 1.0, 0, 0
0.9418181818181818, 0, 1.0, 0, 0, 0, 1.0, 0, 1.0, 0, 0, 0, 0, 0, 0, 0, 0, 0, 0, 0, 0, 0, 0, 1.0, 0, 0
0, 0, 0, 1.0, 0, 0, 0.592, 1.0, 0.09466666666666666, 1.0, 0, 0, 0, 1.0, 0, 0, 0, 0, 0, 0, 0, 0, 0, 1.0, 0, 0
1.0, 0, 1.0, 0, 0, 0.30666666666666664, 1.0, 1.0, 1.0, 1.0, 0.4774193548387097, 0.535483870967742, 0, 0, 0, 0, 0, 0, 0, 0.9737704918032787, 0, 0, 0, 1.0, 0, 0
0, 0, 0, 1.0, 0, 0, 1.0, 1.0, 0.5213333333333333, 1.0, 0, 0, 0.32903225806451614, 1.0, 0, 0, 0, 0, 0, 0, 0, 0.8, 0, 1.0, 0, 0.022
1.0, 0, 0.188, 1.0, 0, 0, 1.0, 1.0, 1.0, 1.0, 0, 0, 0, 1.0, 0, 0, 0, 0, 0, 0.5967213114754099, 0, 0.21333333333333335, 0, 1.0, 0, 0
0, 0, 0, 1.0, 0, 0, 0.448, 1.0, 0, 1.0, 0, 0, 0, 1.0, 0, 0, 0, 0, 0, 0, 0, 0.776, 0, 1.0, 0, 0
0, 0, 0, 1.0, 0, 0, 0.9893333333333333, 1.0, 0, 1.0, 0, 0, 0, 1.0, 0, 0, 0, 0, 0, 0, 0, 0.9013333333333333, 0, 1.0, 0, 0
1.0, 0, 1.0, 0.392, 0, 0.23666666666666666, 1.0, 1.0, 1.0, 1.0, 1.0, 0, 1.0, 1.0, 0.856, 1.0, 0, 0, 0, 0, 0, 0.68, 0, 1.0, 0, 0
1.0, 0, 1.0, 1.0, 0, 0.33, 1.0, 1.0, 1.0, 1.0, 0, 0.27741935483870966, 0, 0, 0, 0, 0, 0, 0, 1.0, 0, 0, 0, 1.0, 0, 0
0, 0, 0, 1.0, 0, 0, 1.0, 1.0, 0, 1.0, 0, 0, 0.9483870967741935, 0, 0, 0, 0, 0, 0, 0, 0, 0.9573333333333334, 0, 1.0, 0, 0.194
1.0, 0, 0.24, 0, 0, 0, 1.0, 0, 1.0, 0, 0, 0, 0, 0.43, 0, 0, 0, 0, 0, 0, 0, 0, 0, 1.0, 0, 0
1.0, 0, 1.0, 0, 0, 0, 1.0, 0, 1.0, 0, 0, 0, 0, 0, 0, 0, 0, 0, 0, 0, 0, 0, 0, 1.0, 0, 0
0, 0, 0, 1.0, 0, 0, 1.0, 1.0, 0, 1.0, 0, 0, 1.0, 1.0, 0, 0.7114754098360656, 0, 0, 0, 0, 0, 0.7013333333333334, 0, 1.0, 0, 0
0, 0, 0, 1.0, 0, 0, 1.0, 1.0, 1.0, 1.0, 0, 0, 1.0, 1.0, 0.856, 0.8360655737704918, 0, 0.26229508196721313, 0, 0, 0, 0.9893333333333333, 0, 1.0, 0, 0
0, 0, 0, 1.0, 0.13, 0, 1.0, 1.0, 0.6586666666666666, 1.0, 0, 0, 1.0, 1.0, 1.0, 1.0, 0, 0, 0, 0, 0, 0.424, 0, 1.0, 0, 0
0, 0.41454545454545455, 0, 1.0, 0, 0, 1.0, 1.0, 0.652, 1.0, 0, 0, 0, 1.0, 0, 0, 0, 0, 0, 0, 0, 0.7173333333333334, 0, 1.0, 0, 0.388
0, 0, 0, 1.0, 0, 0, 0.808, 1.0, 0, 1.0, 0, 0, 0.4774193548387097, 1.0, 0, 0, 0, 0, 0, 0, 0, 0.4666666666666667, 0, 1.0, 0, 0
1.0, 0, 1.0, 0, 0, 0, 1.0, 0, 1.0, 0.6293333333333333, 1.0, 0.535483870967742, 0, 0.335, 0, 0.05245901639344262, 0, 0, 0, 0, 0, 0, 0, 1.0, 0, 0
0, 0, 0, 1.0, 0, 0, 1.0, 1.0, 0.16133333333333333, 1.0, 0, 0, 1.0, 1.0, 1.0, 1.0, 0, 0, 0, 0, 0, 0, 0, 1.0, 0, 0
0, 0, 0, 1.0, 0, 0, 1.0, 1.0, 0.13333333333333333, 1.0, 0, 0, 0, 1.0, 0, 0, 0, 0, 0, 0, 0, 0, 0, 1.0, 0, 0
0, 0, 0, 1.0, 0, 0, 1.0, 1.0, 0.616, 1.0, 0, 0, 0.27741935483870966, 1.0, 0, 0, 0, 0, 0, 0, 0, 1.0, 0, 1.0, 0, 0.372
1.0, 0, 1.0, 0.848, 0, 0, 0.9893333333333333, 1.0, 1.0, 1.0, 0, 0, 0.535483870967742, 0.9525, 0.152, 0, 0, 0, 0, 0, 0, 0, 0, 1.0, 0, 0
1.0, 0, 1.0, 0, 0, 0.76, 1.0, 0, 1.0, 0, 1.0, 0.4838709677419355, 0, 0, 0, 0, 0, 0, 0, 0, 0, 0, 0, 1.0, 0, 0
0.10181818181818182, 0, 0, 0.392, 0, 0, 1.0, 1.0, 0.021333333333333333, 1.0, 0, 0, 0, 1.0, 0, 0, 0, 0, 0, 0, 0, 0, 0, 1.0, 0, 0
0, 0, 0.472, 0, 0, 0, 0, 0, 0, 0, 0, 0, 0, 0, 0, 0, 0, 0, 0, 0, 0, 0, 0, 0.42952380952380953, 0, 0
0, 0, 0, 1.0, 0, 0, 1.0, 1.0, 0.204, 1.0, 0, 0, 1.0, 1.0, 0, 0, 0, 0, 0, 0, 0, 0.9893333333333333, 0, 1.0, 0, 0
1.0, 0, 1.0, 0.772, 0.5966666666666667, 0.24666666666666667, 1.0, 1.0, 1.0, 1.0, 0, 0, 1.0, 0, 1.0, 0.4491803278688525, 0, 0, 0, 0, 0, 0.9453333333333334, 0, 1.0, 0, 0.412
0, 0, 0.468, 0, 0.79, 0.49333333333333335, 1.0, 0, 1.0, 0, 0, 0, 0, 0, 0, 0, 0, 0, 0, 0, 0, 0, 0, 0.7485714285714286, 0, 0
1.0, 0, 1.0, 0, 0, 0.19, 1.0, 1.0, 1.0, 0, 0, 0.24516129032258063, 1.0, 0, 0.928, 0.32459016393442625, 0, 0, 0, 0.10819672131147541, 0, 0.9106666666666666, 0, 1.0, 0, 0
0, 0, 0, 1.0, 0, 0, 1.0, 1.0, 0, 1.0, 0, 0, 0, 1.0, 0, 0, 0, 1.0, 0, 0, 0, 0.9893333333333333, 0, 1.0, 0, 0
0, 0, 0, 1.0, 0, 0, 0.936, 1.0, 0, 1.0, 0, 0, 0, 1.0, 0, 0, 0, 0, 0, 0, 0, 0, 0, 1.0, 0, 0
0, 0, 0.962, 0, 0.31, 0.94, 1.0, 0.9573333333333334, 1.0, 0, 0.9483870967741935, 0, 0, 0, 0, 0, 0, 0, 0, 0, 0, 0, 0, 1.0, 0, 0
0, 0, 0, 1.0, 0, 0, 0, 1.0, 0, 1.0, 0, 0, 0, 1.0, 0, 0, 0, 0, 0, 0, 0, 0, 0, 0.9695238095238096, 0, 0
0, 0, 0, 1.0, 0, 0, 1.0, 1.0, 0, 1.0, 0, 0, 0, 1.0, 0, 0, 0, 0, 0, 0, 0, 0, 0, 1.0, 0, 0
1.0, 0, 1.0, 0.886, 0, 0, 1.0, 1.0, 1.0, 1.0, 0, 0.4, 1.0, 0, 0.936, 0, 0, 0, 0, 0, 0, 0.936, 0, 1.0, 0, 0
1.0, 0, 1.0, 0, 1.0, 0.36, 1.0, 0, 1.0, 0, 0, 0, 0, 0, 0, 0, 0, 0, 0, 0, 0, 0, 0, 0.7457142857142857, 0, 0
0, 0, 0, 0.05, 0, 0, 1.0, 1.0, 0.1, 1.0, 0, 0, 1.0, 1.0, 0.496, 0.3081967213114754, 0, 1.0, 0, 0, 0, 1.0, 0, 1.0, 0, 0.114
0.4309090909090909, 0, 1.0, 0, 0, 0, 1.0, 0, 1.0, 0, 0, 0, 0, 0, 0, 0, 0, 0, 0, 0, 0, 0, 0, 1.0, 0, 0
1.0, 0, 1.0, 1.0, 0, 0, 1.0, 1.0, 1.0, 1.0, 1.0, 1.0, 1.0, 1.0, 0.792, 1.0, 0, 0, 0, 0, 0.10819672131147541, 0.844, 0, 1.0, 0, 0
1.0, 0, 1.0, 0, 0.58, 0.9733333333333334, 1.0, 0, 1.0, 0, 0.17419354838709677, 0, 0, 0, 0, 0, 0, 0, 0, 0.8655737704918033, 0, 0, 0, 0.49333333333333335, 0, 0
0, 0, 0, 1.0, 0, 0, 1.0, 1.0, 0.904, 1.0, 0.6, 0, 1.0, 1.0, 1.0, 0, 0, 0.659016393442623, 0, 0, 0, 1.0, 0, 1.0, 0, 0
1.0, 0, 0.278, 0, 0, 0, 1.0, 0, 1.0, 0, 0, 0, 0, 0, 0, 0, 0, 0, 0, 0.4163934426229508, 0, 0, 0, 1.0, 0, 0
1.0, 0, 1.0, 0, 0, 0, 1.0, 0, 1.0, 0, 0.6, 0, 0, 0, 0, 0.003278688524590164, 0, 0, 0, 0, 0, 0, 0, 1.0, 0, 0
1.0, 0, 1.0, 1.0, 0, 0.02666666666666667, 1.0, 1.0, 1.0, 1.0, 1.0, 0, 1.0, 0, 0, 0, 0, 0, 0, 0, 0, 0.328, 0, 1.0, 0, 0
1.0, 0, 1.0, 0, 0, 0.5633333333333334, 1.0, 0, 1.0, 0, 0.9483870967741935, 0.9483870967741935, 0, 0, 0, 0, 0, 0, 0, 0.380327868852459, 0, 0, 0, 1.0, 0, 0
0, 0, 0, 0, 0, 0, 0, 0, 0, 0, 0, 0, 0, 0, 0, 0, 0, 0, 0, 0, 0, 0, 0, 0, 0, 0
1.0, 0, 0, 1.0, 0, 0, 1.0, 1.0, 1.0, 1.0, 1.0, 0.4838709677419355, 0.14193548387096774, 1.0, 0, 0, 0, 0.8163934426229508, 0, 0, 0, 0.9573333333333334, 0, 1.0, 0, 0
0, 0, 0, 0.278, 0, 0, 1.0, 1.0, 0, 1.0, 0, 0, 0.535483870967742, 0, 0, 0, 0, 1.0, 0, 0, 0, 0.976, 0, 1.0, 0, 0
0, 0, 0, 1.0, 0, 0, 1.0, 1.0, 0, 1.0, 0, 0, 1.0, 1.0, 1.0, 0.39672131147540984, 0, 0, 0, 0, 0, 0.508, 0, 1.0, 0, 0.61
1.0, 0, 1.0, 1.0, 0, 0, 1.0, 1.0, 1.0, 1.0, 0, 1.0, 0, 0.525, 0, 0, 0, 0, 0, 0.003278688524590164, 0, 0.4666666666666667, 0, 1.0, 0, 0
0.3781818181818182, 0, 0, 1.0, 0, 0, 1.0, 1.0, 1.0, 1.0, 0, 1.0, 0.7935483870967742, 1.0, 0, 0, 0, 0.8163934426229508, 0, 0, 0, 0.7733333333333333, 0, 1.0, 0, 0
0, 0, 0, 1.0, 0, 0, 0.956, 1.0, 0, 1.0, 0, 0, 0, 1.0, 0, 0, 0, 0, 0, 0, 0, 0.52, 0, 1.0, 0, 0.014
0, 0, 0, 1.0, 0, 0, 0.988, 1.0, 0, 1.0, 0, 0, 0, 1.0, 0, 0, 0, 0, 0, 0, 0, 0, 0, 1.0, 0, 0
1.0, 0, 1.0, 1.0, 0, 0, 1.0, 1.0, 1.0, 1.0, 0, 0, 0, 1.0, 0, 0, 0, 0, 0, 0, 0, 0, 0, 1.0, 0, 0
0, 0, 0, 1.0, 0, 0, 1.0, 1.0, 0.8306666666666667, 1.0, 0, 0, 1.0, 1.0, 0.808, 1.0, 0, 0, 0, 0, 0, 0.364, 0, 1.0, 0, 0
1.0, 0, 1.0, 0, 0, 0, 0.808, 0, 1.0, 0.712, 0.9483870967741935, 0, 0, 0.3825, 0, 0, 0, 0, 0, 0, 0, 0, 0, 1.0, 0, 0
0, 0, 0, 1.0, 0.9466666666666667, 0, 1.0, 1.0, 0.9253333333333333, 1.0, 1.0, 0, 1.0, 1.0, 1.0, 0.02622950819672131, 0, 0.921311475409836, 0, 0, 0, 1.0, 0, 1.0, 0, 0.676
0, 0, 0, 0, 0, 0, 0, 0, 0, 0, 0, 0, 0, 0, 0, 0, 0, 0, 0, 0, 0, 0, 0, 0, 0, 0
1.0, 0, 1.0, 0, 0, 1.0, 1.0, 1.0, 1.0, 1.0, 1.0, 0.7935483870967742, 0.17419354838709677, 0, 0, 0.7901639344262295, 0, 0, 0, 0.940983606557377, 0, 0.43066666666666664, 0, 1.0, 0, 0
1.0, 0, 1.0, 0, 0.08, 0.79, 1.0, 0, 1.0, 0.9893333333333333, 1.0, 1.0, 0, 0, 0, 0.3737704918032787, 0, 0, 0, 0.8229508196721311, 0, 0, 0, 1.0, 0, 0
1.0, 0, 1.0, 0.658, 0.94, 0.2, 1.0, 1.0, 1.0, 1.0, 0.01935483870967742, 0, 0, 0, 0, 0, 0, 0, 0, 0.42295081967213116, 0, 0, 0, 1.0, 0, 0
1.0, 0, 1.0, 0.81, 0, 0, 1.0, 1.0, 1.0, 1.0, 0, 1.0, 0.6774193548387096, 0, 0, 0, 0, 0, 0, 0, 0, 0.6946666666666667, 0, 1.0, 0, 0
1.0, 0, 1.0, 1.0, 0, 0, 1.0, 1.0, 1.0, 1.0, 0.8838709677419355, 0.7935483870967742, 0.5870967741935483, 0.62, 0, 0, 0, 0.8819672131147541, 0, 0, 0, 1.0, 0, 1.0, 0, 0
0, 0, 0, 1.0, 0, 0, 1.0, 1.0, 0.9253333333333333, 1.0, 0, 0, 0, 1.0, 0, 0, 0, 0, 0, 0, 0, 0.8613333333333333, 0, 1.0, 0, 0.832
0, 0, 0, 1.0, 0, 0, 0.7, 1.0, 0, 1.0, 0, 0, 0, 1.0, 0, 0, 0, 0, 0, 0, 0, 0.304, 0, 1.0, 0, 0
1.0, 0, 1.0, 0, 0, 0, 1.0, 1.0, 1.0, 1.0, 0, 0.9483870967741935, 0, 0, 0, 0.009836065573770493, 0, 0, 0, 1.0, 0, 0, 0, 1.0, 0, 0
0, 0, 0, 1.0, 0, 0, 1.0, 1.0, 0.7866666666666666, 1.0, 0, 0, 0, 1.0, 0, 0, 0, 0, 0, 0, 0, 0.9546666666666667, 0, 1.0, 0, 0
1.0, 0, 1.0, 0, 0, 0.94, 1.0, 0, 1.0, 0, 1.0, 0, 0, 0, 0, 0.5278688524590164, 0, 0, 0, 0.7934426229508197, 0, 0, 0, 0.6352380952380953, 0, 0
0.8272727272727273, 0, 1.0, 0.658, 0, 0, 1.0, 1.0, 1.0, 1.0, 0, 0, 0, 0, 1.0, 0.3704918032786885, 0, 0, 0, 0, 0, 0, 0, 1.0, 0, 0
0, 0, 0, 1.0, 0, 0, 1.0, 1.0, 0.20266666666666666, 1.0, 0, 0, 0.14193548387096774, 1.0, 0, 0, 0, 0.4098360655737705, 0, 0, 0, 0.9466666666666667, 0, 1.0, 0, 0
0.62, 0, 1.0, 0, 0, 0, 0.43333333333333335, 0, 1.0, 1.0, 0.2645161290322581, 0, 0, 0, 0, 0, 0, 0, 0, 0, 0, 0, 0, 1.0, 0, 0
1.0, 0, 1.0, 0, 0, 0, 1.0, 1.0, 1.0, 1.0, 1.0, 0, 1.0, 0, 0.936, 1.0, 0, 0, 0, 0, 0, 0.9253333333333333, 0, 1.0, 0, 0
1.0, 0, 1.0, 0, 0, 0, 1.0, 0, 1.0, 0, 0, 0.38064516129032255, 0, 0, 0, 0, 0, 0, 0, 0, 0, 0, 0, 1.0, 0, 0
0, 0, 0.088, 1.0, 0, 0, 1.0, 1.0, 0.9786666666666667, 1.0, 0, 0, 0.9483870967741935, 1.0, 0, 0, 0, 0, 0, 0, 0, 0.488, 0, 1.0, 0, 0.156
0, 0, 0, 0, 0, 0, 0, 0, 0, 0, 0, 0, 0, 0, 0, 0, 0, 0, 0, 0, 0, 0, 0, 0, 0, 0
1.0, 0, 1.0, 1.0, 0, 0, 1.0, 1.0, 1.0, 1.0, 0.5935483870967742, 0.9483870967741935, 0, 1.0, 0, 0, 0, 0, 0, 0, 0, 0, 0, 1.0, 0, 0.258
0, 0, 0, 1.0, 0, 0, 1.0, 1.0, 1.0, 1.0, 0.896774193548387, 0, 1.0, 1.0, 0, 0, 0, 0.6163934426229508, 0, 0, 0, 1.0, 0, 1.0, 0, 0.616
1.0, 0, 0.112, 0, 0, 0, 0, 0, 1.0, 0, 0, 0, 0, 0, 0, 0, 0, 0, 0, 0, 0, 0, 0, 0.6923809523809524, 0, 0
1.0, 0, 1.0, 0, 1.0, 0, 1.0, 1.0, 1.0, 1.0, 0.632258064516129, 0, 0, 1.0, 0, 0, 0, 0, 0, 0.8819672131147541, 0, 0, 0, 1.0, 0, 0
0, 0, 0, 1.0, 0, 0, 0.7266666666666667, 1.0, 0, 1.0, 0, 0, 0.32903225806451614, 1.0, 0, 0, 0, 0, 0, 0, 0, 0.9786666666666667, 0, 1.0, 0, 0
1.0, 0, 1.0, 1.0, 0, 0, 1.0, 1.0, 1.0, 1.0, 0, 0, 0, 0.05, 0, 0, 0, 0, 0, 0, 0, 0, 0, 1.0, 0, 0
0, 0, 0, 1.0, 0, 0, 1.0, 1.0, 1.0, 1.0, 0, 0, 1.0, 1.0, 1.0, 0, 0, 0.659016393442623, 0, 0, 0, 0.5573333333333333, 0, 1.0, 0, 0
1.0, 0, 1.0, 0, 0, 0, 1.0, 1.0, 1.0, 1.0, 0, 1.0, 0, 0, 0.872, 0.09180327868852459, 0, 0, 0, 0.659016393442623, 0.380327868852459, 0, 0, 1.0, 0, 0
0, 0, 0, 0, 0, 0, 0, 0, 0, 0, 0, 0, 0, 0, 0, 0, 0, 0, 0, 0, 0, 0, 0, 0, 0, 0
1.0, 0, 1.0, 0, 0, 0, 1.0, 0, 1.0, 1.0, 0, 0, 0, 0, 0, 0, 0, 0, 0, 0, 0, 0, 0, 1.0, 0, 0
0, 0, 0, 1.0, 0, 0, 0, 1.0, 0, 1.0, 0, 0, 0, 1.0, 0, 0, 0, 0, 0, 0, 0, 0, 0, 0.8742857142857143, 0, 0
1.0, 0, 1.0, 0, 0.8566666666666667, 0.9433333333333334, 1.0, 0, 1.0, 0, 0, 0, 0, 0, 0, 0, 0, 0, 0, 0, 0, 0, 0, 0.9619047619047619, 0, 0
1.0, 0, 1.0, 0, 0, 1.0, 1.0, 0.68, 1.0, 1.0, 0, 0, 0, 0, 0, 1.0, 0, 0, 0, 0, 0, 0, 0, 1.0, 0, 0
0, 0, 0, 1.0, 0, 0, 0.9666666666666667, 1.0, 0, 1.0, 0, 0, 0, 1.0, 0, 0, 0, 0, 0, 0, 0, 0.588, 0, 1.0, 0, 0
1.0, 0, 1.0, 0.772, 0.07, 0, 1.0, 1.0, 1.0, 1.0, 0.17419354838709677, 0.7419354838709677, 1.0, 0, 1.0, 0, 0, 0.940983606557377, 0, 0, 0, 0.2986666666666667, 0, 1.0, 0, 0
0.7236363636363636, 0, 1.0, 0, 0.1, 0, 1.0, 0, 1.0, 0, 0, 0, 0, 0, 0, 0, 0, 0, 0, 0, 0, 0, 0, 1.0, 0, 0
0, 0, 0, 1.0, 0, 0, 1.0, 1.0, 0, 1.0, 0, 0, 0, 1.0, 0, 0, 0, 0, 0, 0, 0, 0, 0, 1.0, 0, 0
0.8272727272727273, 0, 1.0, 0.582, 0, 0.58, 1.0, 1.0, 1.0, 1.0, 0, 0.17419354838709677, 0, 0, 0.592, 0, 0, 0, 0, 0, 0, 0, 0, 1.0, 0, 0
1.0, 0, 1.0, 0, 0, 0, 1.0, 1.0, 1.0, 1.0, 0.7419354838709677, 0.632258064516129, 1.0, 0, 1.0, 0.9737704918032787, 0, 0.1737704918032787, 0, 0, 0, 0.9893333333333333, 0, 1.0, 0, 0
0, 0, 0, 1.0, 0, 0, 1.0, 1.0, 0.47733333333333333, 1.0, 0, 0, 0, 1.0, 0, 0, 0, 0.6918032786885245, 0, 0, 0, 0.9146666666666666, 0, 1.0, 0, 0
0, 0, 0, 1.0, 0, 0, 1.0, 1.0, 0.09066666666666667, 1.0, 0, 0, 0.8838709677419355, 0.43, 0, 0.9475409836065574, 0, 0, 0, 0, 0, 0.7826666666666666, 0, 1.0, 0, 0
1.0, 0, 1.0, 0.316, 0.18, 0.88, 1.0, 1.0, 1.0, 1.0, 0.8838709677419355, 0.896774193548387, 1.0, 0, 1.0, 1.0, 0, 0, 0, 0.9704918032786886, 0, 0.904, 0, 1.0, 0, 0
1.0, 0, 1.0, 0, 0, 0.5966666666666667, 1.0, 0, 1.0, 0.9106666666666666, 0, 0, 0, 0, 0, 0, 0, 0, 0, 0.3114754098360656, 0, 0, 0, 1.0, 0, 0
0, 0, 0, 0, 0, 0, 0, 0, 0, 0, 0, 0, 0, 0, 0, 0, 0, 0, 0, 0, 0, 0, 0, 0, 0, 0
0, 0, 0, 1.0, 0, 0, 0.6586666666666666, 1.0, 0.9573333333333334, 1.0, 0, 0, 0, 1.0, 0, 0, 0, 0, 0, 0, 0, 0.39866666666666667, 0, 1.0, 0, 0
1.0, 0, 1.0, 0.696, 0, 0, 1.0, 1.0, 1.0, 1.0, 0, 0, 0, 0, 0, 0, 0, 0, 0, 0, 0, 0, 0, 1.0, 0, 0
0, 0, 0, 1.0, 0, 0, 1.0, 1.0, 0.8173333333333334, 1.0, 0, 0, 0, 1.0, 0, 0, 0, 0, 0, 0, 0, 0, 0, 1.0, 0, 0
0, 0, 0, 0.392, 0, 0, 1.0, 1.0, 0, 1.0, 0, 0, 1.0, 1.0, 1.0, 0.08524590163934426, 0, 0, 0, 0, 0, 0.36, 0, 1.0, 0, 0
0, 0, 0, 1.0, 0, 0, 1.0, 1.0, 0, 1.0, 0, 0, 1.0, 1.0, 0, 0, 0, 0, 0, 0, 0, 0.9466666666666667, 0, 1.0, 0, 0
0, 0, 0.962, 0, 0, 0, 1.0, 0, 0.8933333333333333, 0.168, 0, 0, 0, 0.3825, 0, 0, 0, 0, 0, 0, 0, 0, 0, 1.0, 0, 0
0.5145454545454545, 0, 1.0, 0, 0, 0, 0.7013333333333334, 0, 1.0, 0, 0, 0, 0, 0, 0, 0, 0, 0, 0, 0, 0, 0, 0, 1.0, 0, 0
0, 0, 0, 0, 0, 0, 0, 0, 0, 0, 0, 0, 0, 0, 0, 0, 0, 0, 0, 0, 0, 0, 0, 0, 0, 0
1.0, 0, 1.0, 0.734, 0, 0, 1.0, 0.9253333333333333, 1.0, 1.0, 0, 0.7096774193548387, 1.0, 0, 0.496, 0, 0, 0, 0, 0, 0, 1.0, 0, 1.0, 0, 0
1.0, 0, 0, 1.0, 0, 0, 1.0, 1.0, 1.0, 1.0, 0, 0, 0.7870967741935484, 1.0, 0, 0, 0, 0.8819672131147541, 0, 0, 0, 0.84, 0, 1.0, 0, 0
0, 0, 1.0, 0, 0, 0, 1.0, 0, 0.46, 0.436, 0, 0, 0, 0, 0, 0, 0, 0, 0, 0, 0, 0, 0, 1.0, 0, 0
1.0, 0, 1.0, 0, 0, 0, 1.0, 1.0, 1.0, 1.0, 0.8838709677419355, 0.7677419354838709, 0, 0, 0, 1.0, 0, 0, 0, 0, 0, 0, 0, 1.0, 0, 0
1.0, 0, 0.43, 0, 0, 0.6133333333333333, 1.0, 0, 1.0, 0.8613333333333333, 0, 0.38064516129032255, 0, 0.3825, 0, 0, 0, 0, 0, 0, 0, 0, 0, 1.0, 0, 0
0, 0, 1.0, 0, 0, 0, 1.0, 0, 1.0, 0, 0, 0, 0, 0, 0, 0, 0, 0, 0, 0, 0, 0, 0, 1.0, 0, 0
0, 0, 0, 1.0, 0, 0, 1.0, 1.0, 0, 1.0, 0, 0, 0.12258064516129032, 1.0, 0, 0, 0, 0, 0, 0, 0, 0, 0, 1.0, 0, 0
1.0, 0, 1.0, 1.0, 0, 1.0, 1.0, 1.0, 1.0, 1.0, 0, 0, 0, 0.145, 0, 0, 0, 0, 0, 0, 0, 0.5493333333333333, 0, 1.0, 0, 0
0, 0, 0, 1.0, 1.0, 0, 1.0, 1.0, 0.9253333333333333, 1.0, 0, 0, 0.6903225806451613, 1.0, 0, 0, 0, 0, 0, 0, 0, 0.49866666666666665, 0, 1.0, 0, 0
0, 0, 0, 1.0, 0, 0, 1.0, 1.0, 0, 1.0, 0, 0, 0.07096774193548387, 0.0975, 0, 0, 0, 0, 0, 0, 0, 0.968, 0, 1.0, 0, 0
0, 0, 1.0, 0, 0, 1.0, 1.0, 0, 1.0, 0, 0.7741935483870968, 0, 0, 0, 0, 0, 0, 0, 0, 0, 0, 0, 0, 1.0, 0, 0
0, 0, 0, 0, 0, 0, 1.0, 0, 0.024, 0.676, 0, 0, 0, 1.0, 0, 0, 0, 0, 0, 0, 0, 0, 0, 1.0, 0, 0
1.0, 0, 1.0, 0, 0, 0, 1.0, 0, 1.0, 0, 0, 1.0, 0, 0, 0, 0, 0, 0, 0, 0.18688524590163935, 0, 0, 0, 1.0, 0, 0
1.0, 0, 1.0, 0, 0, 0, 1.0, 1.0, 1.0, 1.0, 0.01935483870967742, 0, 1.0, 0, 0, 0, 0, 1.0, 0, 0, 0, 1.0, 0, 1.0, 0, 0.572
0, 0, 0, 1.0, 0, 0, 0.952, 1.0, 0, 1.0, 0, 0, 0.27741935483870966, 1.0, 0, 0, 0, 0.9737704918032787, 0, 0, 0, 0.9573333333333334, 0, 1.0, 0, 0
0, 0, 0, 0.53, 0, 0, 1.0, 0.9453333333333334, 0.12533333333333332, 1.0, 0, 0, 0, 1.0, 0, 0, 0, 0, 0, 0, 0, 0, 0, 1.0, 0, 0
0, 0, 0, 1.0, 0, 0, 1.0, 1.0, 0.664, 1.0, 0, 0, 1.0, 1.0, 0.224, 0, 0, 0, 0, 0, 0, 0.8186666666666667, 0, 1.0, 0, 0
0, 0, 0, 0, 0, 0, 0, 0, 0, 0, 0, 0, 0, 0, 0, 0, 0, 0, 0, 0, 0, 0, 0, 0, 0, 0
1.0, 0, 1.0, 0, 0, 0, 1.0, 0, 1.0, 0, 0.535483870967742, 0, 0, 0, 0, 0.5967213114754099, 0, 0, 0, 0, 0, 0, 0, 1.0, 0, 0
1.0, 0, 1.0, 0, 0.25333333333333335, 0.34, 1.0, 1.0, 1.0, 1.0, 1.0, 1.0, 1.0, 0, 1.0, 0.940983606557377, 0, 0, 0, 0, 0, 0.968, 0, 1.0, 0, 0
1.0, 0, 1.0, 0, 0, 0.25333333333333335, 1.0, 0, 1.0, 0, 0.27741935483870966, 0, 0, 0, 0, 0, 0, 0, 0, 0.21311475409836064, 0, 0, 0, 1.0, 0, 0
0.5854545454545454, 0, 1.0, 1.0, 0, 0.31, 1.0, 1.0, 1.0, 1.0, 1.0, 0, 0, 1.0, 0, 0, 0, 0, 0, 0, 0, 0, 0, 1.0, 0, 0
0, 0, 0, 1.0, 0, 0, 1.0, 1.0, 0.042666666666666665, 1.0, 0, 0, 1.0, 0, 0.736, 0, 0, 0, 0, 0, 0, 0.9573333333333334, 0, 1.0, 0, 0
1.0, 0, 1.0, 0, 0, 0, 1.0, 1.0, 1.0, 1.0, 0, 1.0, 1.0, 0, 0, 0, 0, 0, 0, 0.3344262295081967, 0, 0.9253333333333333, 0, 1.0, 0, 0
1.0, 0, 1.0, 0, 0, 0.7866666666666666, 1.0, 0, 1.0, 0, 0.16129032258064516, 0, 0, 0, 0, 0, 0, 0, 0, 0.26557377049180325, 0, 0, 0, 0.9923809523809524, 0, 0
1.0, 0, 1.0, 0, 0, 0, 1.0, 0.988, 1.0, 1.0, 0, 0, 0, 0, 0, 0, 0, 0, 0, 0, 0, 0, 0, 1.0, 0, 0
0, 0, 0, 0.43, 0, 0, 1.0, 1.0, 0.488, 1.0, 0, 0, 0.4129032258064516, 1.0, 0, 0, 0, 0.26229508196721313, 0, 0, 0, 0.44133333333333336, 0, 1.0, 0, 0
1.0, 0, 1.0, 0, 0, 0.36333333333333334, 1.0, 0, 1.0, 0, 0.9483870967741935, 0, 0, 0, 0, 0.5016393442622951, 0, 0, 0, 0, 0, 0, 0, 1.0, 0, 0
1.0, 0, 1.0, 0, 0, 0, 1.0, 0, 1.0, 0, 0, 0, 0, 0, 0, 0, 0, 0, 0, 0, 0, 0, 0, 0.9657142857142857, 0, 0
1.0, 0, 1.0, 0, 0, 0, 1.0, 0, 1.0, 0.27466666666666667, 1.0, 1.0, 0, 0, 0, 0, 0, 0, 0, 0, 0, 0, 0, 1.0, 0, 0
0, 0, 0, 1.0, 0, 0, 1.0, 1.0, 0, 1.0, 0, 0, 0, 1.0, 0, 0, 0, 0, 0, 0, 0, 0.22933333333333333, 0, 1.0, 0, 0
1.0, 0, 1.0, 1.0, 1.0, 0.94, 1.0, 1.0, 1.0, 1.0, 0.24516129032258063, 0, 0, 0.6675, 0, 0, 0, 0, 0, 0, 0, 0, 0, 1.0, 0, 0
1.0, 0, 1.0, 0.81, 0, 0.22333333333333333, 1.0, 1.0, 1.0, 1.0, 0.8258064516129032, 0.7354838709677419, 1.0, 0, 0, 0.08196721311475409, 0, 0.940983606557377, 0, 0, 0, 1.0, 0, 1.0, 0, 0
0, 0, 0, 0.55, 0, 0, 1.0, 1.0, 0.704, 1.0, 0, 0, 0, 1.0, 0, 0, 0, 0, 0, 0, 0, 0, 0, 1.0, 0, 0
0, 0, 0, 0, 0, 0, 0, 0, 0, 0, 0, 0, 0, 0, 0, 0, 0, 0, 0, 0, 0, 0, 0, 0, 0, 0
0, 0, 0, 1.0, 0, 0, 1.0, 1.0, 0, 1.0, 0, 0, 1.0, 1.0, 0, 1.0, 0, 0, 0, 0, 0, 0.54, 0, 1.0, 0, 0
0, 0, 0, 1.0, 0, 0, 1.0, 1.0, 1.0, 1.0, 1.0, 0, 1.0, 1.0, 0, 0.43934426229508194, 0, 0.7901639344262295, 0, 0, 0, 1.0, 0, 1.0, 0, 0.032
1.0, 0, 1.0, 0, 0, 0.35, 1.0, 1.0, 1.0, 1.0, 1.0, 0, 0, 0, 0, 1.0, 0, 0, 0, 0, 0, 0, 0, 1.0, 0, 0
0, 0, 0.036, 0, 0, 0, 1.0, 0.5946666666666667, 1.0, 1.0, 1.0, 0, 0, 1.0, 0, 0, 0, 0, 0, 0, 0, 0, 0, 1.0, 0, 0
0, 0, 0, 1.0, 0, 0, 1.0, 1.0, 0.848, 1.0, 1.0, 0, 0, 1.0, 0, 0, 0, 0, 0, 0, 0, 0.624, 0, 1.0, 0, 0
0, 0, 0.734, 1.0, 0, 0, 0.9466666666666667, 1.0, 0, 1.0, 0, 0, 0.24516129032258063, 1.0, 0, 0, 0, 1.0, 0, 0, 0, 0.9786666666666667, 0, 1.0, 0, 0
0, 0, 0, 1.0, 0, 0, 1.0, 1.0, 0, 1.0, 0, 0, 1.0, 1.0, 1.0, 0.9114754098360656, 0, 1.0, 0, 0, 0, 1.0, 0, 1.0, 0, 0
1.0, 0, 1.0, 0, 0, 0, 1.0, 0, 1.0, 0, 0, 0, 0, 0.675, 0, 0, 0, 0, 0, 0, 0, 0, 0, 1.0, 0, 0
1.0, 0, 1.0, 0.544, 0, 0, 1.0, 1.0, 1.0, 1.0, 1.0, 1.0, 1.0, 0, 1.0, 0, 0, 0, 0, 0.8163934426229508, 0.4786885245901639, 0.54, 0, 1.0, 0, 0.062
1.0, 0, 1.0, 0, 0, 0.8666666666666667, 1.0, 1.0, 1.0, 1.0, 0, 1.0, 1.0, 0, 1.0, 0.29180327868852457, 0, 0, 0, 0.5016393442622951, 0.8065573770491803, 0.5173333333333333, 0, 1.0, 0, 0
1.0, 0, 1.0, 0, 0, 0.2833333333333333, 1.0, 0, 1.0, 0.6373333333333333, 1.0, 0.896774193548387, 0, 0, 0, 0, 0, 0, 0, 0, 0.6459016393442623, 0, 0, 1.0, 0, 0
0, 0, 0, 1.0, 0, 0, 1.0, 1.0, 0, 1.0, 0, 0, 0, 1.0, 0, 0, 0, 0, 0, 0, 0, 0, 0, 1.0, 0, 0
0.62, 0, 1.0, 1.0, 0, 0, 1.0, 1.0, 1.0, 1.0, 0, 0, 0.22580645161290322, 1.0, 0.936, 0.4459016393442623, 0, 0, 0, 0, 0, 0, 0, 1.0, 0, 0
0, 0, 0, 1.0, 0.94, 0, 1.0, 1.0, 0.8826666666666667, 1.0, 0.535483870967742, 0, 0, 1.0, 0, 1.0, 0, 1.0, 0, 0, 0, 0.6893333333333334, 0, 1.0, 0, 0
0.7236363636363636, 0, 0, 0, 0, 0, 1.0, 0, 0.13466666666666666, 0, 0, 0, 0, 0, 0, 0, 0, 0, 0, 0, 0, 0, 0, 1.0, 0, 0
1.0, 0, 1.0, 0, 0, 0, 1.0, 0, 1.0, 0, 0, 0, 0, 0, 0, 0, 0, 0, 0, 0, 0, 0, 0, 0.9542857142857143, 0, 0
0, 0, 0, 1.0, 0, 0, 1.0, 1.0, 0, 1.0, 0, 0, 0.7870967741935484, 1.0, 0, 0, 0, 0, 0, 0, 0, 0.6826666666666666, 0, 1.0, 0, 0
1.0, 0, 1.0, 0, 0, 0, 1.0, 0, 1.0, 0, 0.4258064516129032, 0, 0, 0.5325, 0, 1.0, 0, 0, 0, 0, 0, 0, 0, 1.0, 0, 0
1.0, 0, 1.0, 0, 0, 0, 0.21733333333333332, 0, 1.0, 0, 0, 0.7935483870967742, 0, 0, 0, 0, 0, 0, 0, 0, 0, 0, 0, 1.0, 0, 0
1.0, 0, 1.0, 0, 0, 0, 1.0, 0.30666666666666664, 1.0, 1.0, 0, 0, 0, 0, 0, 0, 0, 0, 0, 0, 0, 0, 0, 1.0, 0, 0
1.0, 0, 1.0, 0, 1.0, 1.0, 1.0, 0, 1.0, 0, 0.7419354838709677, 0, 0, 0, 0, 0, 0, 0, 0, 0, 0, 0, 0, 1.0, 0, 0
0, 0, 0, 1.0, 0, 0, 1.0, 1.0, 0, 1.0, 0, 0, 0.32903225806451614, 0.1925, 0, 0, 0, 0.8557377049180328, 0, 0, 0, 1.0, 0, 1.0, 0, 0.064
0.1709090909090909, 0, 0.556, 0.772, 0, 0, 1.0, 1.0, 1.0, 1.0, 0, 0, 0.7096774193548387, 0, 0, 0, 0, 0.46885245901639344, 0, 0, 0, 1.0, 0, 1.0, 0, 0
1.0, 0, 1.0, 0, 0.4033333333333333, 1.0, 1.0, 1.0, 1.0, 0, 0, 0, 0, 0, 0, 0, 0, 0, 0, 0, 0, 0.09466666666666666, 0, 1.0, 0, 0
0, 0, 0, 1.0, 0, 0, 1.0, 1.0, 0, 1.0, 0, 0, 1.0, 1.0, 0.712, 0.9737704918032787, 0, 0.5967213114754099, 0, 0, 0, 0.904, 0, 1.0, 0, 0
0, 0, 0, 0, 0, 0, 0, 0, 0, 0, 0, 0, 0, 0, 0, 0, 0, 0, 0, 0, 0, 0, 0, 0, 0, 0
0, 0, 0.43, 0, 0, 0, 0.9333333333333333, 1.0, 0.4026666666666667, 1.0, 0, 0, 0.07096774193548387, 1.0, 0, 0, 0, 0, 0, 0, 0, 0, 0, 1.0, 0, 0
0, 0, 0, 1.0, 0, 0, 1.0, 1.0, 0.22666666666666666, 1.0, 0, 0, 0, 1.0, 0, 0, 0, 0, 0, 0, 0, 0, 0, 1.0, 0, 0
1.0, 0, 1.0, 0.126, 0, 0, 1.0, 0.8613333333333333, 1.0, 1.0, 0.16129032258064516, 0, 0.012903225806451613, 0.0025, 0, 0.9737704918032787, 0, 0, 0, 0, 0, 0.5093333333333333, 0, 1.0, 0, 0
1.0, 0, 1.0, 0, 0, 1.0, 1.0, 0, 1.0, 0, 0, 0, 0, 0, 0, 0, 0, 0, 0, 0, 0, 0, 0, 0.9123809523809524, 0, 0
1.0, 0, 1.0, 0, 0, 0.61, 1.0, 0, 1.0, 0, 0, 1.0, 0, 0, 0, 0, 0, 0, 0, 0.8557377049180328, 0.940983606557377, 0, 0, 0.7180952380952381, 0, 0
0, 0, 0, 1.0, 0, 0, 1.0, 1.0, 0.392, 1.0, 0, 0, 0, 1.0, 0, 0, 0, 0, 0, 0, 0, 0.38666666666666666, 0, 1.0, 0, 0
0.6418181818181818, 0, 1.0, 0, 0, 0, 1.0, 0, 1.0, 0, 0.36129032258064514, 0, 0, 0, 0, 0, 0, 0, 0, 0, 0, 0, 0, 1.0, 0, 0
1.0, 0, 1.0, 0, 0, 0.9733333333333334, 0.904, 0, 1.0, 0, 0.7677419354838709, 1.0, 0, 0, 0, 1.0, 0, 0, 0, 0.9737704918032787, 0, 0, 0, 0, 0, 0
1.0, 0, 1.0, 1.0, 0, 0, 1.0, 1.0, 1.0, 1.0, 0, 0, 1.0, 1.0, 1.0, 0.5573770491803278, 0, 0.32459016393442625, 0, 0, 0, 0, 0, 1.0, 0, 0
1.0, 0, 1.0, 0, 0, 0.9466666666666667, 1.0, 0, 1.0, 0, 0.8258064516129032, 0, 0, 0, 0, 0, 0, 0, 0, 0, 0, 0, 0, 1.0, 0, 0
1.0, 0, 1.0, 0, 0, 0.7033333333333334, 1.0, 0, 1.0, 0, 0, 0, 0, 0, 0, 0, 0, 0, 0, 0.8426229508196721, 0, 0, 0, 0.9914285714285714, 0, 0
0, 0, 0, 1.0, 0.47, 0, 1.0, 1.0, 0.9786666666666667, 1.0, 0.9483870967741935, 0, 0, 1.0, 0, 0.6754098360655738, 0, 0, 0, 0, 0, 0.0026666666666666666, 0, 1.0, 0, 0
0, 0, 0, 1.0, 0, 0, 1.0, 1.0, 1.0, 1.0, 0, 0, 1.0, 1.0, 0.712, 0.46229508196721314, 0, 0, 0, 0, 0, 0.36, 0, 1.0, 0, 0
0, 0, 0, 1.0, 0, 0, 0, 1.0, 0.4666666666666667, 1.0, 0, 0, 0, 1.0, 0, 0, 0, 0, 0, 0, 0, 0, 0, 0.5952380952380952, 0, 0
0, 0, 0.734, 0, 0, 0, 1.0, 0, 0.27066666666666667, 0, 0, 0, 0, 0, 0, 0, 0, 0, 0, 0, 0, 0, 0, 1.0, 0, 0
0, 0, 0, 1.0, 1.0, 0, 1.0, 1.0, 0.168, 1.0, 0.4838709677419355, 0, 0.7677419354838709, 1.0, 0, 0, 0, 0, 0, 0, 0, 0.204, 0, 1.0, 0, 0
0, 0, 0, 1.0, 0, 0, 1.0, 1.0, 0.236, 1.0, 0, 0, 0.24516129032258063, 1.0, 0, 0, 0, 0, 0, 0, 0, 0, 0, 1.0, 0, 0
1.0, 0, 1.0, 0, 0, 0.97, 1.0, 0, 1.0, 0, 0, 0, 0, 0, 0, 0, 0, 0, 0, 0, 0, 0, 0, 1.0, 0, 0
0, 0, 0, 1.0, 0, 0, 1.0, 1.0, 1.0, 1.0, 0, 0, 0, 1.0, 0, 0.6459016393442623, 0, 0, 0, 0, 0, 0.656, 0, 1.0, 0, 0
0, 0, 0, 1.0, 0, 0, 0.03333333333333333, 1.0, 0, 1.0, 0, 0, 0, 1.0, 0, 0, 0, 0, 0, 0, 0, 0, 0, 1.0, 0, 0
1.0, 0, 1.0, 1.0, 0, 0, 1.0, 1.0, 1.0, 1.0, 0, 0, 0.896774193548387, 0.62, 0, 0, 0, 0.9114754098360656, 0, 0, 0, 1.0, 0, 1.0, 0, 0
0, 0, 0, 0.772, 0, 0, 1.0, 1.0, 0.392, 1.0, 0, 0, 1.0, 0, 0.784, 0.08196721311475409, 0, 0, 0, 0, 0, 0.504, 0, 1.0, 0, 0
1.0, 0, 1.0, 0, 0, 0.2866666666666667, 1.0, 1.0, 1.0, 1.0, 1.0, 0.8451612903225807, 0, 0, 0, 0.9737704918032787, 0, 0, 0, 0, 0, 0, 0, 1.0, 0, 0
1.0, 0, 1.0, 0.392, 0, 0, 1.0, 1.0, 1.0, 0.8293333333333334, 0, 0, 0, 0, 0, 0, 0, 0, 0, 0, 0, 0, 0, 1.0, 0, 0
1.0, 0, 1.0, 0, 0, 0, 1.0, 0, 1.0, 0, 1.0, 0, 0, 0, 0, 0.8950819672131147, 0, 0, 0, 0, 0, 0, 0, 0.9828571428571429, 0, 0
0.730909090909091, 0, 0.392, 0, 0, 0, 1.0, 0, 1.0, 0, 0, 0, 0, 0, 0, 0.7180327868852459, 0, 0, 0, 0, 0, 0, 0, 0.9076190476190477, 0, 0
0, 0, 0, 1.0, 0, 0, 1.0, 1.0, 0, 1.0, 0, 0, 1.0, 1.0, 1.0, 0.8688524590163934, 0, 0.1737704918032787, 0, 0, 0, 0.5946666666666667, 0, 1.0, 0, 0
1.0, 0, 1.0, 0, 0, 0, 1.0, 0.9466666666666667, 1.0, 1.0, 0.7419354838709677, 0, 0, 0, 0, 0, 0, 0, 0, 0, 0, 0, 0, 1.0, 0, 0
1.0, 0, 1.0, 0.886, 0, 0, 1.0, 1.0, 1.0, 1.0, 0.9483870967741935, 0, 1.0, 0, 0.928, 0, 0, 0, 0, 0, 0, 0.9573333333333334, 0, 1.0, 0, 0
0.1709090909090909, 0, 0, 1.0, 0, 0, 1.0, 1.0, 0.03866666666666667, 1.0, 0, 0, 1.0, 1.0, 0.136, 0, 0, 0, 0, 0, 0, 0.6266666666666667, 0, 1.0, 0, 0
0, 0, 0, 1.0, 0, 0, 0.952, 1.0, 0.124, 1.0, 0, 0, 1.0, 1.0, 0.568, 0, 0, 0, 0, 0, 0, 0.7333333333333333, 0, 1.0, 0, 0
0, 0, 0, 0, 0, 0, 0, 0, 0, 0, 0, 0, 0, 0, 0, 0, 0, 0, 0, 0, 0, 0, 0, 0, 0, 0
0, 0, 0, 0, 0, 0, 0, 0, 0, 0, 0, 0, 0, 0, 0, 0, 0, 0, 0, 0, 0, 0, 0, 0, 0, 0
0, 0, 0, 1.0, 0, 0, 0.9893333333333333, 1.0, 0, 1.0, 0, 0, 0, 1.0, 0, 0, 0, 0, 0, 0, 0, 0, 0, 1.0, 0, 0
0, 0, 0, 1.0, 0.73, 0, 1.0, 1.0, 0.904, 1.0, 1.0, 0, 1.0, 1.0, 0, 0.9704918032786886, 0, 1.0, 0, 0, 0, 1.0, 0, 1.0, 0, 0
0, 0, 0, 0, 0, 0, 1.0, 0, 0, 0.7546666666666667, 0, 0, 0, 0.81, 0, 0, 0, 0, 0, 0, 0, 0, 0, 1.0, 0, 0
0, 0, 0, 0, 0, 0, 0, 0, 0, 0, 0, 0, 0, 0, 0, 0, 0, 0, 0, 0, 0, 0, 0, 0, 0, 0
1.0, 0, 1.0, 0, 0, 0, 1.0, 0, 1.0, 0, 0, 0, 0, 0, 0, 0, 0, 0, 0, 0.12459016393442623, 0, 0, 0, 1.0, 0, 0
1.0, 0, 1.0, 1.0, 0, 0.79, 0.9893333333333333, 1.0, 1.0, 1.0, 0, 1.0, 0, 1.0, 0, 0, 0, 0, 0, 0.8131147540983606, 0, 0, 0, 1.0, 0, 0
1.0, 0, 1.0, 0, 0, 0, 0.24933333333333332, 0, 1.0, 0, 0, 0.4838709677419355, 0, 0, 0, 0, 0, 0, 0, 0.9475409836065574, 0, 0, 0, 0, 0, 0
1.0, 0, 1.0, 0, 0, 0, 1.0, 0, 1.0, 0.256, 1.0, 0, 0, 0.0975, 0, 0.02622950819672131, 0, 0, 0, 0, 0, 0, 0, 1.0, 0, 0
0, 0, 0, 1.0, 0, 0, 1.0, 1.0, 0.7973333333333333, 1.0, 0, 0, 0, 1.0, 0, 0, 0, 0, 0, 0, 0, 0, 0, 1.0, 0, 0
1.0, 0, 1.0, 1.0, 0, 0, 0.916, 1.0, 1.0, 1.0, 0, 0, 0, 1.0, 0, 0, 0, 0, 0, 0, 0, 0, 0, 1.0, 0, 0
1.0, 0, 1.0, 0.202, 0, 0, 1.0, 0.8933333333333333, 1.0, 1.0, 0, 0.535483870967742, 1.0, 1.0, 0, 0, 0, 0, 0, 0, 0, 1.0, 0, 1.0, 0, 0
0, 0, 0, 0, 0, 0, 0, 0, 0, 0, 0, 0, 0, 0, 0, 0, 0, 0, 0, 0, 0, 0, 0, 0, 0, 0
0.9309090909090909, 0, 1.0, 0, 0, 0.97, 1.0, 0, 1.0, 0, 0, 1.0, 0, 0, 0, 0, 0, 0, 0, 0.6852459016393443, 0, 0, 0, 1.0, 0, 0
1.0, 0, 1.0, 0.43, 0, 0, 1.0, 1.0, 1.0, 1.0, 0, 0, 1.0, 0, 1.0, 0, 0, 1.0, 0, 0, 0, 0.484, 0, 1.0, 0, 0
0, 0, 0, 1.0, 0, 0, 1.0, 1.0, 0, 1.0, 0, 0, 0.32903225806451614, 1.0, 0, 0, 0, 0, 0, 0, 0, 0.14, 0, 1.0, 0, 0
0, 0, 0, 1.0, 0, 0, 0.6306666666666667, 1.0, 0.7546666666666667, 1.0, 0, 0, 0.7677419354838709, 1.0, 0, 1.0, 0, 0, 0, 0, 0, 0.7546666666666667, 0, 1.0, 0, 0
0, 0, 0, 0, 0, 0, 0, 0, 0, 0, 0, 0, 0, 0, 0, 0, 0, 0, 0, 0, 0, 0, 0, 0, 0, 0
0, 0, 0, 1.0, 0, 0, 1.0, 1.0, 0.14, 1.0, 0, 0, 0, 1.0, 0, 0, 0, 0, 0, 0, 0, 0, 0, 1.0, 0, 0
1.0, 0, 1.0, 0.126, 0.7866666666666666, 1.0, 1.0, 1.0, 1.0, 1.0, 1.0, 0, 0, 0, 0.232, 0.8426229508196721, 0, 0, 0, 0, 0, 0, 0, 1.0, 0, 0
0, 0, 0, 1.0, 0, 0, 0.968, 1.0, 1.0, 1.0, 0, 0, 1.0, 1.0, 1.0, 0, 0, 0, 0, 0, 0, 0.456, 0, 1.0, 0, 0
1.0, 0, 0.696, 0, 0, 0, 0.936, 0, 1.0, 0, 0, 0.27741935483870966, 0, 0, 0, 0, 0, 0, 0, 0.9442622950819672, 0, 0, 0, 1.0, 0, 0
1.0, 0, 1.0, 0, 0, 0, 1.0, 0, 1.0, 0, 1.0, 0, 0, 0, 0, 0.9737704918032787, 0, 0, 0, 0.35081967213114756, 0, 0, 0, 0.8476190476190476, 0, 0
1.0, 0, 1.0, 0.734, 0.28, 0, 1.0, 1.0, 1.0, 1.0, 1.0, 0.9419354838709677, 1.0, 0.24, 0.928, 0.15081967213114755, 0, 0, 0, 0, 0, 0.936, 0, 1.0, 0, 0
0.34363636363636363, 0, 0, 1.0, 0, 0, 1.0, 1.0, 1.0, 1.0, 0, 0, 1.0, 1.0, 0, 0.31475409836065577, 0, 0.8819672131147541, 0, 0, 0, 1.0, 0, 1.0, 0, 0.632
1.0, 0, 0.696, 1.0, 0, 0.37666666666666665, 1.0, 1.0, 1.0, 1.0, 0, 1.0, 0, 1.0, 0, 0, 0, 0, 0, 0.9114754098360656, 0, 0, 0, 1.0, 0, 0
1.0, 0, 1.0, 0, 0.48333333333333334, 1.0, 1.0, 0.532, 1.0, 1.0, 0.8387096774193549, 0.9483870967741935, 0, 0, 0, 0.7639344262295082, 0, 0, 0, 0.5278688524590164, 0, 0, 0, 1.0, 0, 0
1.0, 0, 1.0, 0, 0, 0.48333333333333334, 0.9573333333333334, 1.0, 1.0, 1.0, 0, 0, 0, 0, 0, 0, 0, 0, 0, 0.9147540983606557, 0, 0, 0, 1.0, 0, 0
0, 0, 0, 1.0, 0, 0, 1.0, 1.0, 0, 0.84, 0, 0, 0, 0, 0, 0, 0, 0, 0, 0, 0, 0, 0, 1.0, 0, 0
0, 0, 0, 1.0, 0, 0, 1.0, 1.0, 0.7426666666666667, 1.0, 0, 0, 0, 1.0, 0, 0, 0, 0, 0, 0, 0, 0, 0, 1.0, 0, 0
0, 0, 0, 1.0, 0, 0, 0.84, 1.0, 0, 1.0, 0, 0, 1.0, 1.0, 1.0, 0, 0, 0, 0, 0, 0, 0.37066666666666664, 0, 1.0, 0, 0
1.0, 0, 1.0, 0.658, 0, 0, 1.0, 1.0, 1.0, 1.0, 0.4838709677419355, 0, 0, 1.0, 0, 0, 0, 0, 0, 0, 0.08196721311475409, 0.014666666666666666, 0, 1.0, 0, 0
0, 0, 0, 1.0, 0, 0, 0.2866666666666667, 1.0, 0, 1.0, 0, 0, 0, 1.0, 0, 0, 0, 0, 0, 0, 0, 0, 0, 1.0, 0, 0
0.9309090909090909, 0, 1.0, 0, 0.28, 0, 1.0, 0, 1.0, 0, 0.7677419354838709, 0, 0, 0, 0, 0, 0, 0, 0, 0, 0, 0, 0, 1.0, 0, 0
0, 0, 0, 1.0, 0, 0, 0.472, 1.0, 0.328, 1.0, 0, 0, 0, 0.9525, 0, 0, 0, 0, 0, 0, 0, 0, 0, 1.0, 0, 0
0.62, 0, 1.0, 0, 0, 0, 1.0, 0, 1.0, 0, 0, 0, 0, 0, 0, 0, 0, 0, 0, 0, 0, 0, 0, 1.0, 0, 0
1.0, 0, 1.0, 0, 0, 0, 0.912, 1.0, 1.0, 1.0, 0, 0.2064516129032258, 0, 1.0, 0, 0, 0, 0, 0, 0, 0, 0, 0, 1.0, 0, 0
0, 0, 0.468, 0, 0, 0, 1.0, 0, 0.08, 1.0, 0, 0, 0, 0.4775, 0, 0, 0, 0, 0, 0, 0, 0, 0, 1.0, 0, 0
1.0, 0, 1.0, 0, 0, 0, 1.0, 0, 1.0, 0, 0, 1.0, 0, 0, 0, 0, 0, 0, 0, 0.6557377049180327, 0, 0, 0, 1.0, 0, 0
0, 0, 0, 0, 0, 0, 0, 0, 0, 0, 0, 0, 0, 0, 0, 0, 0, 0, 0, 0, 0, 0, 0, 0, 0, 0
1.0, 0, 1.0, 0, 0, 0.6766666666666666, 1.0, 0, 1.0, 0, 0, 0.7677419354838709, 0, 0, 0, 0, 0, 0, 0, 0.7049180327868853, 0, 0, 0, 1.0, 0, 0
0, 0, 0, 1.0, 0, 0, 1.0, 1.0, 0, 1.0, 0, 0, 1.0, 1.0, 0.016, 0, 0, 0.380327868852459, 0, 0, 0, 1.0, 0, 1.0, 0, 0
1.0, 0, 1.0, 0, 0.12, 0, 1.0, 1.0, 1.0, 1.0, 0.24516129032258063, 0, 1.0, 0, 0, 0.380327868852459, 0, 0, 0, 0, 0, 0.26, 0, 1.0, 0, 0
1.0, 0, 1.0, 0, 0, 0.41333333333333333, 1.0, 0, 1.0, 0, 1.0, 0, 0, 0, 0, 0.2360655737704918, 0, 0, 0, 0.8327868852459016, 0, 0, 0, 1.0, 0, 0
